-- phpMyAdmin SQL Dump
-- version 4.2.11
-- http://www.phpmyadmin.net
--
-- Client :  127.0.0.1
-- Généré le :  Jeu 05 Mai 2016 à 16:30
-- Version du serveur :  5.6.21
-- Version de PHP :  5.6.3

SET FOREIGN_KEY_CHECKS=0;
SET SQL_MODE = "NO_AUTO_VALUE_ON_ZERO";
SET time_zone = "+00:00";


/*!40101 SET @OLD_CHARACTER_SET_CLIENT=@@CHARACTER_SET_CLIENT */;
/*!40101 SET @OLD_CHARACTER_SET_RESULTS=@@CHARACTER_SET_RESULTS */;
/*!40101 SET @OLD_COLLATION_CONNECTION=@@COLLATION_CONNECTION */;
/*!40101 SET NAMES utf8 */;

--
-- Base de données :  `etu10`
--

-- --------------------------------------------------------

--
-- Structure de la table `activities`
--

DROP TABLE IF EXISTS `activities`;
CREATE TABLE IF NOT EXISTS `activities` (
`id` int(11) NOT NULL,
  `title` varchar(25) DEFAULT NULL,
  `units` float DEFAULT NULL,
  `active` tinyint(1) DEFAULT '1'
) ENGINE=InnoDB AUTO_INCREMENT=11 DEFAULT CHARSET=latin1;

--
-- Contenu de la table `activities`
--

INSERT INTO `activities` (`id`, `title`, `units`, `active`) VALUES
(1, 'Spinning', 1, 1),
(2, 'Spin/Rame*', 1.5, 1),
(3, 'Rame', 1, 1),
(4, 'ESSENTRICS', 1, 1),
(5, 'Rame/Spin*', 1.5, 1),
(6, 'Pilates/Stretching 1', 1, 1),
(7, 'Pilates/Stretching 2', 1, 1),
(8, 'Rame (groupe privé)', 1, 1),
(9, 'Pilates/Stretching', 1, 1),
(10, 'Spinning (privé)', 1, 1);

-- --------------------------------------------------------

--
-- Structure de la table `activities_activity_types`
--

DROP TABLE IF EXISTS `activities_activity_types`;
CREATE TABLE IF NOT EXISTS `activities_activity_types` (
`activity_type_id` int(11) NOT NULL,
  `activity_id` int(11) NOT NULL,
  `time` timestamp NOT NULL DEFAULT CURRENT_TIMESTAMP ON UPDATE CURRENT_TIMESTAMP
) ENGINE=InnoDB AUTO_INCREMENT=6 DEFAULT CHARSET=latin1;

--
-- Contenu de la table `activities_activity_types`
--

INSERT INTO `activities_activity_types` (`activity_type_id`, `activity_id`, `time`) VALUES
(1, 1, '2016-03-25 08:32:06'),
(1, 2, '2016-03-25 08:32:06'),
(1, 5, '2016-03-25 11:50:41'),
(2, 2, '2016-03-25 12:29:48'),
(2, 3, '2016-03-25 11:49:48'),
(2, 5, '2016-03-25 11:50:39'),
(2, 8, '2016-03-25 11:53:03'),
(3, 4, '2016-03-25 11:50:09'),
(4, 6, '2016-03-25 11:51:57'),
(4, 7, '2016-03-25 11:52:19'),
(4, 9, '2016-03-25 12:17:36'),
(5, 10, '2016-03-26 14:46:57');

-- --------------------------------------------------------

--
-- Structure de la table `activity_types`
--

DROP TABLE IF EXISTS `activity_types`;
CREATE TABLE IF NOT EXISTS `activity_types` (
`id` int(11) NOT NULL,
  `title` varchar(20) DEFAULT NULL,
  `places` tinyint(2) DEFAULT NULL,
  `color` varchar(10) DEFAULT NULL,
  `description` longtext,
  `picture_id` int(11) DEFAULT NULL,
  `active` tinyint(1) DEFAULT '1'
) ENGINE=InnoDB AUTO_INCREMENT=8 DEFAULT CHARSET=latin1;

--
-- Contenu de la table `activity_types`
--

INSERT INTO `activity_types` (`id`, `title`, `places`, `color`, `description`, `picture_id`, `active`) VALUES
(1, 'Spinning', 18, '#a10000', 'Spinnig (Cardio-Vélo): Entraînement Cardio-vasculaire \npar intervalles sur vélo stationnaire en groupe sur une musique entraînante. Favorise aussi le renforcement musculaire \npar différents positions et exercices.', 1, 1),
(2, 'Rame', 12, '#007ea1', 'Rame (Cardio-Rameur): Entraînement sur rameur en \ngroupe avec musique. Entraînement cardio-vasculaire et musculaire, sollicite Tous le corps + favorise une bonne posture \net développe la flexibilité.', 2, 1),
(3, 'ESSENTRICS', 10, '#d1d1d1', 'Force, flexibilité, mobilité, agilité, guérison, équilibrer, \nrenforcer et délier le corps en plus de libérer les tensions par des mouvements fluides et continu. Apprenti entraîneur en \nformation pour en savoir plus: Essentrics.com', NULL, 1),
(4, 'Pilates/Stretching', 8, '#00c40d', 'Pilates/Stretching: Entraînement \nen groupe sur une musique apaisante. Par différentes positions et/ou à l''aide de différents accessoires, le pilates permet \nde renforcer les muscles, favorise une bonne posture et développe la flexibilité.', NULL, 1),
(5, 'Spinning (privé)', 18, '#8500ad', NULL, NULL, 1),
(6, 'Spinning (Privé)', 18, '#9400cf', NULL, NULL, 0),
(7, 'Rame (Privé)', 12, '#33eeff', NULL, NULL, 1);

-- --------------------------------------------------------

--
-- Structure de la table `coache_presentations`
--

DROP TABLE IF EXISTS `coache_presentations`;
CREATE TABLE IF NOT EXISTS `coache_presentations` (
`id` int(11) NOT NULL,
  `title` varchar(50) DEFAULT NULL,
  `description` longtext,
  `active` tinyint(1) DEFAULT '1'
) ENGINE=InnoDB DEFAULT CHARSET=latin1;

-- --------------------------------------------------------

--
-- Structure de la table `companies`
--

DROP TABLE IF EXISTS `companies`;
CREATE TABLE IF NOT EXISTS `companies` (
`id` int(11) NOT NULL,
  `title` varchar(50) NOT NULL,
  `active` tinyint(1) DEFAULT '1'
) ENGINE=InnoDB DEFAULT CHARSET=latin1;

-- --------------------------------------------------------

--
-- Structure de la table `credits`
--

DROP TABLE IF EXISTS `credits`;
CREATE TABLE IF NOT EXISTS `credits` (
`id` int(11) NOT NULL,
  `total_credits` int(11) DEFAULT '0',
  `subscription_receipt_id` int(11) NOT NULL,
  `active` tinyint(1) DEFAULT '1'
) ENGINE=InnoDB DEFAULT CHARSET=latin1;

-- --------------------------------------------------------

--
-- Structure de la table `days`
--

DROP TABLE IF EXISTS `days`;
CREATE TABLE IF NOT EXISTS `days` (
`id` int(11) NOT NULL,
  `title` varchar(8) DEFAULT NULL
) ENGINE=InnoDB AUTO_INCREMENT=8 DEFAULT CHARSET=latin1;

--
-- Contenu de la table `days`
--

INSERT INTO `days` (`id`, `title`) VALUES
(1, 'Dimanche'),
(2, 'Lundi'),
(3, 'Mardi'),
(4, 'Mercredi'),
(5, 'Jeudi'),
(6, 'Vendredi'),
(7, 'Samedi');

-- --------------------------------------------------------

--
-- Structure de la table `discounts`
--

DROP TABLE IF EXISTS `discounts`;
CREATE TABLE IF NOT EXISTS `discounts` (
`id` int(11) NOT NULL,
  `alias` varchar(25) NOT NULL,
  `description` varchar(25) DEFAULT NULL,
  `minimumAge` int(11) DEFAULT NULL,
  `type` varchar(1) DEFAULT NULL,
  `value` float DEFAULT NULL,
  `start` date NOT NULL,
  `expiration` date NOT NULL,
  `member_id` int(11) DEFAULT NULL,
  `company_id` int(11) DEFAULT NULL,
  `active` tinyint(1) DEFAULT '1'
) ENGINE=InnoDB AUTO_INCREMENT=2 DEFAULT CHARSET=latin1;

-- --------------------------------------------------------

--
-- Structure de la table `discounts_subscription_types`
--

DROP TABLE IF EXISTS `discounts_subscription_types`;
CREATE TABLE IF NOT EXISTS `discounts_subscription_types` (
  `subscription_type_id` int(11) NOT NULL,
  `discount_id` int(11) NOT NULL,
  `active` tinyint(1) DEFAULT '1'
) ENGINE=InnoDB DEFAULT CHARSET=latin1;

-- --------------------------------------------------------

--
-- Structure de la table `meetings`
--

DROP TABLE IF EXISTS `meetings`;
CREATE TABLE IF NOT EXISTS `meetings` (
`id` int(11) NOT NULL,
  `week` tinyint(2) DEFAULT NULL,
  `start` time(5) DEFAULT NULL,
  `end` time(5) DEFAULT NULL,
  `active` tinyint(1) DEFAULT '1',
  `period_id` int(11) NOT NULL
) ENGINE=InnoDB AUTO_INCREMENT=532 DEFAULT CHARSET=latin1;

--
-- Contenu de la table `meetings`
--

INSERT INTO `meetings` (`id`, `week`, `start`, `end`, `active`, `period_id`) VALUES
(1, 1, '08:00:00.00000', '09:00:00.00000', 1, 1),
(2, 2, '08:00:00.00000', '09:00:00.00000', 1, 1),
(3, 3, '08:00:00.00000', '09:00:00.00000', 1, 1),
(4, 4, '08:00:00.00000', '09:00:00.00000', 1, 1),
(5, 5, '08:00:00.00000', '09:00:00.00000', 1, 1),
(6, 6, '08:00:00.00000', '09:00:00.00000', 1, 1),
(7, 7, '08:00:00.00000', '09:00:00.00000', 1, 1),
(8, 8, '08:00:00.00000', '09:00:00.00000', 1, 1),
(9, 1, '09:15:00.00000', '10:05:00.00000', 1, 2),
(10, 2, '09:15:00.00000', '10:05:00.00000', 1, 2),
(11, 3, '09:15:00.00000', '10:05:00.00000', 1, 2),
(12, 4, '09:15:00.00000', '10:05:00.00000', 1, 2),
(13, 5, '09:15:00.00000', '10:05:00.00000', 1, 2),
(14, 6, '09:15:00.00000', '10:05:00.00000', 1, 2),
(15, 7, '09:15:00.00000', '10:05:00.00000', 1, 2),
(16, 8, '09:15:00.00000', '10:05:00.00000', 1, 2),
(17, 1, '11:00:00.00000', '12:00:00.00000', 1, 3),
(18, 2, '11:00:00.00000', '12:00:00.00000', 1, 3),
(19, 3, '11:00:00.00000', '12:00:00.00000', 1, 3),
(20, 4, '11:00:00.00000', '12:00:00.00000', 1, 3),
(21, 5, '11:00:00.00000', '12:00:00.00000', 1, 3),
(22, 6, '11:00:00.00000', '12:00:00.00000', 1, 3),
(23, 7, '11:00:00.00000', '12:00:00.00000', 1, 3),
(24, 8, '11:00:00.00000', '12:00:00.00000', 1, 3),
(25, 1, '16:30:00.00000', '17:30:00.00000', 1, 4),
(26, 2, '16:30:00.00000', '17:30:00.00000', 1, 4),
(27, 3, '16:30:00.00000', '17:30:00.00000', 1, 4),
(28, 4, '16:30:00.00000', '17:30:00.00000', 1, 4),
(29, 5, '16:30:00.00000', '17:30:00.00000', 1, 4),
(30, 6, '16:30:00.00000', '17:30:00.00000', 1, 4),
(31, 7, '16:30:00.00000', '17:30:00.00000', 1, 4),
(32, 8, '16:30:00.00000', '17:30:00.00000', 1, 4),
(33, 1, '16:30:00.00000', '17:20:00.00000', 1, 5),
(34, 2, '16:30:00.00000', '17:20:00.00000', 1, 5),
(35, 3, '16:30:00.00000', '17:20:00.00000', 1, 5),
(36, 4, '16:30:00.00000', '17:20:00.00000', 1, 5),
(37, 5, '16:30:00.00000', '17:20:00.00000', 1, 5),
(38, 6, '16:30:00.00000', '17:20:00.00000', 1, 5),
(39, 7, '16:30:00.00000', '17:20:00.00000', 1, 5),
(40, 8, '16:30:00.00000', '17:20:00.00000', 1, 5),
(41, 1, '17:30:00.00000', '18:20:00.00000', 1, 6),
(42, 2, '17:30:00.00000', '18:20:00.00000', 1, 6),
(43, 3, '17:30:00.00000', '18:20:00.00000', 1, 6),
(44, 4, '17:30:00.00000', '18:20:00.00000', 1, 6),
(45, 5, '17:30:00.00000', '18:20:00.00000', 1, 6),
(46, 6, '17:30:00.00000', '18:20:00.00000', 1, 6),
(47, 7, '17:30:00.00000', '18:20:00.00000', 1, 6),
(48, 8, '17:30:00.00000', '18:20:00.00000', 1, 6),
(49, 1, '17:40:00.00000', '18:40:00.00000', 1, 7),
(50, 2, '17:40:00.00000', '18:40:00.00000', 1, 7),
(51, 3, '17:40:00.00000', '18:40:00.00000', 1, 7),
(52, 4, '17:40:00.00000', '18:40:00.00000', 1, 7),
(53, 5, '17:40:00.00000', '18:40:00.00000', 1, 7),
(54, 6, '17:40:00.00000', '18:40:00.00000', 1, 7),
(55, 7, '17:40:00.00000', '18:40:00.00000', 1, 7),
(56, 8, '17:40:00.00000', '18:40:00.00000', 1, 7),
(57, 1, '18:30:00.00000', '20:00:00.00000', 1, 8),
(58, 2, '18:30:00.00000', '20:00:00.00000', 1, 8),
(59, 3, '18:30:00.00000', '20:00:00.00000', 1, 8),
(60, 4, '18:30:00.00000', '20:00:00.00000', 1, 8),
(61, 5, '18:30:00.00000', '20:00:00.00000', 1, 8),
(62, 6, '18:30:00.00000', '20:00:00.00000', 1, 8),
(63, 7, '18:30:00.00000', '20:00:00.00000', 1, 8),
(64, 8, '18:30:00.00000', '20:00:00.00000', 1, 8),
(65, 1, '06:30:00.00000', '07:20:00.00000', 1, 9),
(66, 2, '06:30:00.00000', '07:20:00.00000', 1, 9),
(67, 3, '06:30:00.00000', '07:20:00.00000', 1, 9),
(68, 4, '06:30:00.00000', '07:20:00.00000', 1, 9),
(69, 5, '06:30:00.00000', '07:20:00.00000', 1, 9),
(70, 6, '06:30:00.00000', '07:20:00.00000', 1, 9),
(71, 7, '06:30:00.00000', '07:20:00.00000', 1, 9),
(72, 8, '06:30:00.00000', '07:20:00.00000', 1, 9),
(73, 1, '07:50:00.00000', '08:50:00.00000', 1, 10),
(74, 2, '07:50:00.00000', '08:50:00.00000', 1, 10),
(75, 3, '07:50:00.00000', '08:50:00.00000', 1, 10),
(76, 4, '07:50:00.00000', '08:50:00.00000', 1, 10),
(77, 5, '07:50:00.00000', '08:50:00.00000', 1, 10),
(78, 6, '07:50:00.00000', '08:50:00.00000', 1, 10),
(79, 7, '07:50:00.00000', '08:50:00.00000', 1, 10),
(80, 8, '07:50:00.00000', '08:50:00.00000', 1, 10),
(81, 1, '09:00:00.00000', '10:00:00.00000', 1, 11),
(82, 2, '09:00:00.00000', '10:00:00.00000', 1, 11),
(83, 3, '09:00:00.00000', '10:00:00.00000', 1, 11),
(84, 4, '09:00:00.00000', '10:00:00.00000', 1, 11),
(85, 5, '09:00:00.00000', '10:00:00.00000', 1, 11),
(86, 6, '09:00:00.00000', '10:00:00.00000', 1, 11),
(87, 7, '09:00:00.00000', '10:00:00.00000', 1, 11),
(88, 8, '09:00:00.00000', '10:00:00.00000', 1, 11),
(89, 1, '17:00:00.00000', '18:00:00.00000', 1, 12),
(90, 2, '17:00:00.00000', '18:00:00.00000', 1, 12),
(91, 3, '17:00:00.00000', '18:00:00.00000', 1, 12),
(92, 4, '17:00:00.00000', '18:00:00.00000', 1, 12),
(93, 5, '17:00:00.00000', '18:00:00.00000', 1, 12),
(94, 6, '17:00:00.00000', '18:00:00.00000', 1, 12),
(95, 7, '17:00:00.00000', '18:00:00.00000', 1, 12),
(96, 8, '17:00:00.00000', '18:00:00.00000', 1, 12),
(97, 1, '17:00:00.00000', '17:50:00.00000', 1, 13),
(98, 2, '17:00:00.00000', '17:50:00.00000', 1, 13),
(99, 3, '17:00:00.00000', '17:50:00.00000', 1, 13),
(100, 4, '17:00:00.00000', '17:50:00.00000', 1, 13),
(101, 5, '17:00:00.00000', '17:50:00.00000', 1, 13),
(102, 6, '17:00:00.00000', '17:50:00.00000', 1, 13),
(103, 7, '17:00:00.00000', '17:50:00.00000', 1, 13),
(104, 8, '17:00:00.00000', '17:50:00.00000', 1, 13),
(105, 1, '18:15:00.00000', '19:15:00.00000', 1, 14),
(106, 2, '18:15:00.00000', '19:15:00.00000', 1, 14),
(107, 3, '18:15:00.00000', '19:15:00.00000', 1, 14),
(108, 4, '18:15:00.00000', '19:15:00.00000', 1, 14),
(109, 5, '18:15:00.00000', '19:15:00.00000', 1, 14),
(110, 6, '18:15:00.00000', '19:15:00.00000', 1, 14),
(111, 7, '18:15:00.00000', '19:15:00.00000', 1, 14),
(112, 8, '18:15:00.00000', '19:15:00.00000', 1, 14),
(113, 1, '19:15:00.00000', '20:15:00.00000', 1, 15),
(114, 2, '19:15:00.00000', '20:15:00.00000', 1, 15),
(115, 3, '19:15:00.00000', '20:15:00.00000', 1, 15),
(116, 4, '19:15:00.00000', '20:15:00.00000', 1, 15),
(117, 5, '19:15:00.00000', '20:15:00.00000', 1, 15),
(118, 6, '19:15:00.00000', '20:15:00.00000', 1, 15),
(119, 7, '19:15:00.00000', '20:15:00.00000', 1, 15),
(120, 8, '19:15:00.00000', '20:15:00.00000', 1, 15),
(121, 1, '19:30:00.00000', '20:30:00.00000', 1, 16),
(122, 2, '19:30:00.00000', '20:30:00.00000', 1, 16),
(123, 3, '19:30:00.00000', '20:30:00.00000', 1, 16),
(124, 4, '19:30:00.00000', '20:30:00.00000', 1, 16),
(125, 5, '19:30:00.00000', '20:30:00.00000', 1, 16),
(126, 6, '19:30:00.00000', '20:30:00.00000', 1, 16),
(127, 7, '19:30:00.00000', '20:30:00.00000', 1, 16),
(128, 8, '19:30:00.00000', '20:30:00.00000', 1, 16),
(129, 1, '12:05:00.00000', '12:55:00.00000', 1, 17),
(130, 2, '12:05:00.00000', '12:55:00.00000', 1, 17),
(131, 3, '12:05:00.00000', '12:55:00.00000', 1, 17),
(132, 4, '12:05:00.00000', '12:55:00.00000', 1, 17),
(133, 5, '12:05:00.00000', '12:55:00.00000', 1, 17),
(134, 6, '12:05:00.00000', '12:55:00.00000', 1, 17),
(135, 7, '12:05:00.00000', '12:55:00.00000', 1, 17),
(136, 8, '12:05:00.00000', '12:55:00.00000', 1, 17),
(137, 1, '16:30:00.00000', '17:30:00.00000', 1, 18),
(138, 2, '16:30:00.00000', '17:30:00.00000', 1, 18),
(139, 3, '16:30:00.00000', '17:30:00.00000', 1, 18),
(140, 4, '16:30:00.00000', '17:30:00.00000', 1, 18),
(141, 5, '16:30:00.00000', '17:30:00.00000', 1, 18),
(142, 6, '16:30:00.00000', '17:30:00.00000', 1, 18),
(143, 7, '16:30:00.00000', '17:30:00.00000', 1, 18),
(144, 8, '16:30:00.00000', '17:30:00.00000', 1, 18),
(145, 1, '17:00:00.00000', '17:50:00.00000', 1, 19),
(146, 2, '17:00:00.00000', '17:50:00.00000', 1, 19),
(147, 3, '17:00:00.00000', '17:50:00.00000', 1, 19),
(148, 4, '17:00:00.00000', '17:50:00.00000', 1, 19),
(149, 5, '17:00:00.00000', '17:50:00.00000', 1, 19),
(150, 6, '17:00:00.00000', '17:50:00.00000', 1, 19),
(151, 7, '17:00:00.00000', '17:50:00.00000', 1, 19),
(152, 8, '17:00:00.00000', '17:50:00.00000', 1, 19),
(153, 1, '17:45:00.00000', '18:45:00.00000', 1, 20),
(154, 2, '17:45:00.00000', '18:45:00.00000', 1, 20),
(155, 3, '17:45:00.00000', '18:45:00.00000', 1, 20),
(156, 4, '17:45:00.00000', '18:45:00.00000', 1, 20),
(157, 5, '17:45:00.00000', '18:45:00.00000', 1, 20),
(158, 6, '17:45:00.00000', '18:45:00.00000', 1, 20),
(159, 7, '17:45:00.00000', '18:45:00.00000', 1, 20),
(160, 8, '17:45:00.00000', '18:45:00.00000', 1, 20),
(161, 1, '18:00:00.00000', '18:50:00.00000', 1, 21),
(162, 2, '18:00:00.00000', '18:50:00.00000', 1, 21),
(163, 3, '18:00:00.00000', '18:50:00.00000', 1, 21),
(164, 4, '18:00:00.00000', '18:50:00.00000', 1, 21),
(165, 5, '18:00:00.00000', '18:50:00.00000', 1, 21),
(166, 6, '18:00:00.00000', '18:50:00.00000', 1, 21),
(167, 7, '18:00:00.00000', '18:50:00.00000', 1, 21),
(168, 8, '18:00:00.00000', '18:50:00.00000', 1, 21),
(169, 1, '19:00:00.00000', '20:00:00.00000', 1, 22),
(170, 2, '19:00:00.00000', '20:00:00.00000', 1, 22),
(171, 3, '19:00:00.00000', '20:00:00.00000', 1, 22),
(172, 4, '19:00:00.00000', '20:00:00.00000', 1, 22),
(173, 5, '19:00:00.00000', '20:00:00.00000', 1, 22),
(174, 6, '19:00:00.00000', '20:00:00.00000', 1, 22),
(175, 7, '19:00:00.00000', '20:00:00.00000', 1, 22),
(176, 8, '19:00:00.00000', '20:00:00.00000', 1, 22),
(177, 1, '19:10:00.00000', '20:10:00.00000', 1, 23),
(178, 2, '19:10:00.00000', '20:10:00.00000', 1, 23),
(179, 3, '19:10:00.00000', '20:10:00.00000', 1, 23),
(180, 4, '19:10:00.00000', '20:10:00.00000', 1, 23),
(181, 5, '19:10:00.00000', '20:10:00.00000', 1, 23),
(182, 6, '19:10:00.00000', '20:10:00.00000', 1, 23),
(183, 7, '19:10:00.00000', '20:10:00.00000', 1, 23),
(184, 8, '19:10:00.00000', '20:10:00.00000', 1, 23),
(185, 1, '08:45:00.00000', '09:45:00.00000', 1, 24),
(186, 2, '08:45:00.00000', '09:45:00.00000', 1, 24),
(187, 3, '08:45:00.00000', '09:45:00.00000', 1, 24),
(188, 4, '08:45:00.00000', '09:45:00.00000', 1, 24),
(189, 5, '08:45:00.00000', '09:45:00.00000', 1, 24),
(190, 6, '08:45:00.00000', '09:45:00.00000', 1, 24),
(191, 7, '08:45:00.00000', '09:45:00.00000', 1, 24),
(192, 8, '08:45:00.00000', '09:45:00.00000', 1, 24),
(193, 1, '16:15:00.00000', '17:15:00.00000', 1, 25),
(194, 2, '16:15:00.00000', '17:15:00.00000', 1, 25),
(195, 3, '16:15:00.00000', '17:15:00.00000', 1, 25),
(196, 4, '16:15:00.00000', '17:15:00.00000', 1, 25),
(197, 5, '16:15:00.00000', '17:15:00.00000', 1, 25),
(198, 6, '16:15:00.00000', '17:15:00.00000', 1, 25),
(199, 7, '16:15:00.00000', '17:15:00.00000', 1, 25),
(200, 8, '16:15:00.00000', '17:15:00.00000', 1, 25),
(201, 1, '17:30:00.00000', '18:20:00.00000', 1, 26),
(202, 2, '17:30:00.00000', '18:20:00.00000', 1, 26),
(203, 3, '17:30:00.00000', '18:20:00.00000', 1, 26),
(204, 4, '17:30:00.00000', '18:20:00.00000', 1, 26),
(205, 5, '17:30:00.00000', '18:20:00.00000', 1, 26),
(206, 6, '17:30:00.00000', '18:20:00.00000', 1, 26),
(207, 7, '17:30:00.00000', '18:20:00.00000', 1, 26),
(208, 8, '17:30:00.00000', '18:20:00.00000', 1, 26),
(209, 1, '17:45:00.00000', '19:15:00.00000', 1, 27),
(210, 2, '17:45:00.00000', '19:15:00.00000', 1, 27),
(211, 3, '17:45:00.00000', '19:15:00.00000', 1, 27),
(212, 4, '17:45:00.00000', '19:15:00.00000', 1, 27),
(213, 5, '17:45:00.00000', '19:15:00.00000', 1, 27),
(214, 6, '17:45:00.00000', '19:15:00.00000', 1, 27),
(215, 7, '17:45:00.00000', '19:15:00.00000', 1, 27),
(216, 8, '17:45:00.00000', '19:15:00.00000', 1, 27),
(217, 1, '18:40:00.00000', '19:40:00.00000', 1, 28),
(218, 2, '18:40:00.00000', '19:40:00.00000', 1, 28),
(219, 3, '18:40:00.00000', '19:40:00.00000', 1, 28),
(220, 4, '18:40:00.00000', '19:40:00.00000', 1, 28),
(221, 5, '18:40:00.00000', '19:40:00.00000', 1, 28),
(222, 6, '18:40:00.00000', '19:40:00.00000', 1, 28),
(223, 7, '18:40:00.00000', '19:40:00.00000', 1, 28),
(224, 8, '18:40:00.00000', '19:40:00.00000', 1, 28),
(225, 1, '07:30:00.00000', '08:30:00.00000', 1, 29),
(226, 2, '07:30:00.00000', '08:30:00.00000', 1, 29),
(227, 3, '07:30:00.00000', '08:30:00.00000', 1, 29),
(228, 4, '07:30:00.00000', '08:30:00.00000', 1, 29),
(229, 5, '07:30:00.00000', '08:30:00.00000', 1, 29),
(230, 6, '07:30:00.00000', '08:30:00.00000', 1, 29),
(231, 7, '07:30:00.00000', '08:30:00.00000', 1, 29),
(232, 8, '07:30:00.00000', '08:30:00.00000', 1, 29),
(233, 1, '13:30:00.00000', '14:30:00.00000', 1, 30),
(234, 2, '13:30:00.00000', '14:30:00.00000', 1, 30),
(235, 3, '13:30:00.00000', '14:30:00.00000', 1, 30),
(236, 4, '13:30:00.00000', '14:30:00.00000', 1, 30),
(237, 5, '13:30:00.00000', '14:30:00.00000', 1, 30),
(238, 6, '13:30:00.00000', '14:30:00.00000', 1, 30),
(239, 7, '13:30:00.00000', '14:30:00.00000', 1, 30),
(240, 8, '13:30:00.00000', '14:30:00.00000', 1, 30),
(241, 1, '15:00:00.00000', '16:00:00.00000', 1, 31),
(242, 2, '15:00:00.00000', '16:00:00.00000', 1, 31),
(243, 3, '15:00:00.00000', '16:00:00.00000', 1, 31),
(244, 4, '15:00:00.00000', '16:00:00.00000', 1, 31),
(245, 5, '15:00:00.00000', '16:00:00.00000', 1, 31),
(246, 6, '15:00:00.00000', '16:00:00.00000', 1, 31),
(247, 7, '15:00:00.00000', '16:00:00.00000', 1, 31),
(248, 8, '15:00:00.00000', '16:00:00.00000', 1, 31),
(249, 1, '08:30:00.00000', '09:20:00.00000', 1, 32),
(250, 2, '08:30:00.00000', '09:20:00.00000', 1, 32),
(251, 3, '08:30:00.00000', '09:20:00.00000', 1, 32),
(252, 4, '08:30:00.00000', '09:20:00.00000', 1, 32),
(253, 5, '08:30:00.00000', '09:20:00.00000', 1, 32),
(254, 6, '08:30:00.00000', '09:20:00.00000', 1, 32),
(255, 7, '08:30:00.00000', '09:20:00.00000', 1, 32),
(256, 8, '08:30:00.00000', '09:20:00.00000', 1, 32),
(257, 1, '08:30:00.00000', '09:30:00.00000', 1, 33),
(258, 2, '08:30:00.00000', '09:30:00.00000', 1, 33),
(259, 3, '08:30:00.00000', '09:30:00.00000', 1, 33),
(260, 4, '08:30:00.00000', '09:30:00.00000', 1, 33),
(261, 5, '08:30:00.00000', '09:30:00.00000', 1, 33),
(262, 6, '08:30:00.00000', '09:30:00.00000', 1, 33),
(263, 7, '08:30:00.00000', '09:30:00.00000', 1, 33),
(264, 8, '08:30:00.00000', '09:30:00.00000', 1, 33),
(265, 1, '09:40:00.00000', '10:40:00.00000', 1, 34),
(266, 2, '09:40:00.00000', '10:40:00.00000', 1, 34),
(267, 3, '09:40:00.00000', '10:40:00.00000', 1, 34),
(268, 4, '09:40:00.00000', '10:40:00.00000', 1, 34),
(269, 5, '09:40:00.00000', '10:40:00.00000', 1, 34),
(270, 6, '09:40:00.00000', '10:40:00.00000', 1, 34),
(271, 7, '09:40:00.00000', '10:40:00.00000', 1, 34),
(272, 8, '09:40:00.00000', '10:40:00.00000', 1, 34),
(273, 1, '11:00:00.00000', '12:00:00.00000', 1, 35),
(274, 2, '11:00:00.00000', '12:00:00.00000', 1, 35),
(275, 3, '11:00:00.00000', '12:00:00.00000', 1, 35),
(276, 4, '11:00:00.00000', '12:00:00.00000', 1, 35),
(277, 5, '11:00:00.00000', '12:00:00.00000', 1, 35),
(278, 6, '11:00:00.00000', '12:00:00.00000', 1, 35),
(279, 7, '11:00:00.00000', '12:00:00.00000', 1, 35),
(280, 8, '11:00:00.00000', '12:00:00.00000', 1, 35),
(281, 1, '16:30:00.00000', '17:30:00.00000', 1, 36),
(282, 2, '16:30:00.00000', '17:30:00.00000', 1, 36),
(283, 3, '16:30:00.00000', '17:30:00.00000', 1, 36),
(284, 4, '16:30:00.00000', '17:30:00.00000', 1, 36),
(285, 5, '16:30:00.00000', '17:30:00.00000', 1, 36),
(286, 6, '16:30:00.00000', '17:30:00.00000', 1, 36),
(287, 7, '16:30:00.00000', '17:30:00.00000', 1, 36),
(288, 8, '16:30:00.00000', '17:30:00.00000', 1, 36),
(289, 1, '17:15:00.00000', '18:05:00.00000', 1, 37),
(290, 2, '17:15:00.00000', '18:05:00.00000', 1, 37),
(291, 3, '17:15:00.00000', '18:05:00.00000', 1, 37),
(292, 4, '17:15:00.00000', '18:05:00.00000', 1, 37),
(293, 5, '17:15:00.00000', '18:05:00.00000', 1, 37),
(294, 6, '17:15:00.00000', '18:05:00.00000', 1, 37),
(295, 7, '17:15:00.00000', '18:05:00.00000', 1, 37),
(296, 8, '17:15:00.00000', '18:05:00.00000', 1, 37),
(297, 1, '17:30:00.00000', '18:30:00.00000', 1, 38),
(298, 2, '17:30:00.00000', '18:30:00.00000', 1, 38),
(299, 3, '17:30:00.00000', '18:30:00.00000', 1, 38),
(300, 4, '17:30:00.00000', '18:30:00.00000', 1, 38),
(301, 5, '17:30:00.00000', '18:30:00.00000', 1, 38),
(302, 6, '17:30:00.00000', '18:30:00.00000', 1, 38),
(303, 7, '17:30:00.00000', '18:30:00.00000', 1, 38),
(304, 8, '17:30:00.00000', '18:30:00.00000', 1, 38),
(305, 1, '17:00:00.00000', '17:50:00.00000', 1, 39),
(306, 2, '17:00:00.00000', '17:50:00.00000', 1, 39),
(307, 3, '17:00:00.00000', '17:50:00.00000', 1, 39),
(308, 4, '17:00:00.00000', '17:50:00.00000', 1, 39),
(309, 5, '17:00:00.00000', '17:50:00.00000', 1, 39),
(310, 6, '17:00:00.00000', '17:50:00.00000', 1, 39),
(311, 7, '17:00:00.00000', '17:50:00.00000', 1, 39),
(312, 8, '17:00:00.00000', '17:50:00.00000', 1, 39),
(313, 1, '18:00:00.00000', '19:00:00.00000', 1, 40),
(314, 2, '18:00:00.00000', '19:00:00.00000', 1, 40),
(315, 3, '18:00:00.00000', '19:00:00.00000', 1, 40),
(316, 4, '18:00:00.00000', '19:00:00.00000', 1, 40),
(317, 5, '18:00:00.00000', '19:00:00.00000', 1, 40),
(318, 6, '18:00:00.00000', '19:00:00.00000', 1, 40),
(319, 7, '18:00:00.00000', '19:00:00.00000', 1, 40),
(320, 8, '18:00:00.00000', '19:00:00.00000', 1, 40),
(321, 1, '19:00:00.00000', '20:00:00.00000', 1, 41),
(322, 2, '19:00:00.00000', '20:00:00.00000', 1, 41),
(323, 3, '19:00:00.00000', '20:00:00.00000', 1, 41),
(324, 4, '19:00:00.00000', '20:00:00.00000', 1, 41),
(325, 5, '19:00:00.00000', '20:00:00.00000', 1, 41),
(326, 6, '19:00:00.00000', '20:00:00.00000', 1, 41),
(327, 7, '19:00:00.00000', '20:00:00.00000', 1, 41),
(328, 8, '19:00:00.00000', '20:00:00.00000', 1, 41),
(329, 1, '16:30:00.00000', '17:30:00.00000', 1, 42),
(330, 2, '16:30:00.00000', '17:30:00.00000', 1, 42),
(331, 3, '16:30:00.00000', '17:30:00.00000', 1, 42),
(332, 4, '16:30:00.00000', '17:30:00.00000', 1, 42),
(333, 5, '16:30:00.00000', '17:30:00.00000', 1, 42),
(334, 6, '16:30:00.00000', '17:30:00.00000', 1, 42),
(335, 7, '16:30:00.00000', '17:30:00.00000', 1, 42),
(336, 8, '16:30:00.00000', '17:30:00.00000', 1, 42),
(337, 1, '17:30:00.00000', '18:30:00.00000', 1, 43),
(338, 2, '17:30:00.00000', '18:30:00.00000', 1, 43),
(339, 3, '17:30:00.00000', '18:30:00.00000', 1, 43),
(340, 4, '17:30:00.00000', '18:30:00.00000', 1, 43),
(341, 5, '17:30:00.00000', '18:30:00.00000', 1, 43),
(342, 6, '17:30:00.00000', '18:30:00.00000', 1, 43),
(343, 7, '17:30:00.00000', '18:30:00.00000', 1, 43),
(344, 8, '17:30:00.00000', '18:30:00.00000', 1, 43),
(345, 1, '18:00:00.00000', '18:50:00.00000', 1, 44),
(346, 2, '18:00:00.00000', '18:50:00.00000', 1, 44),
(347, 3, '18:00:00.00000', '18:50:00.00000', 1, 44),
(348, 4, '18:00:00.00000', '18:50:00.00000', 1, 44),
(349, 5, '18:00:00.00000', '18:50:00.00000', 1, 44),
(350, 6, '18:00:00.00000', '18:50:00.00000', 1, 44),
(351, 7, '18:00:00.00000', '18:50:00.00000', 1, 44),
(352, 8, '18:00:00.00000', '18:50:00.00000', 1, 44),
(353, 1, '18:30:00.00000', '19:30:00.00000', 1, 45),
(354, 2, '18:30:00.00000', '19:30:00.00000', 1, 45),
(355, 3, '18:30:00.00000', '19:30:00.00000', 1, 45),
(356, 4, '18:30:00.00000', '19:30:00.00000', 1, 45),
(357, 5, '18:30:00.00000', '19:30:00.00000', 1, 45),
(358, 6, '18:30:00.00000', '19:30:00.00000', 1, 45),
(359, 7, '18:30:00.00000', '19:30:00.00000', 1, 45),
(360, 8, '18:30:00.00000', '19:30:00.00000', 1, 45),
(361, 1, '08:45:00.00000', '09:45:00.00000', 1, 46),
(362, 2, '08:45:00.00000', '09:45:00.00000', 1, 46),
(363, 3, '08:45:00.00000', '09:45:00.00000', 1, 46),
(364, 4, '08:45:00.00000', '09:45:00.00000', 1, 46),
(365, 5, '08:45:00.00000', '09:45:00.00000', 1, 46),
(366, 6, '08:45:00.00000', '09:45:00.00000', 1, 46),
(367, 7, '08:45:00.00000', '09:45:00.00000', 1, 46),
(368, 8, '08:45:00.00000', '09:45:00.00000', 1, 46),
(369, 1, '17:30:00.00000', '18:20:00.00000', 1, 47),
(370, 2, '17:30:00.00000', '18:20:00.00000', 1, 47),
(371, 3, '17:30:00.00000', '18:20:00.00000', 1, 47),
(372, 4, '17:30:00.00000', '18:20:00.00000', 1, 47),
(373, 5, '17:30:00.00000', '18:20:00.00000', 1, 47),
(374, 6, '17:30:00.00000', '18:20:00.00000', 1, 47),
(375, 7, '17:30:00.00000', '18:20:00.00000', 1, 47),
(376, 8, '17:30:00.00000', '18:20:00.00000', 1, 47),
(377, 1, '18:30:00.00000', '19:30:00.00000', 1, 48),
(378, 2, '18:30:00.00000', '19:30:00.00000', 1, 48),
(379, 3, '18:30:00.00000', '19:30:00.00000', 1, 48),
(380, 4, '18:30:00.00000', '19:30:00.00000', 1, 48),
(381, 5, '18:30:00.00000', '19:30:00.00000', 1, 48),
(382, 6, '18:30:00.00000', '19:30:00.00000', 1, 48),
(383, 7, '18:30:00.00000', '19:30:00.00000', 1, 48),
(384, 8, '18:30:00.00000', '19:30:00.00000', 1, 48),
(385, 1, '07:30:00.00000', '08:30:00.00000', 1, 49),
(386, 2, '07:30:00.00000', '08:30:00.00000', 1, 49),
(387, 3, '07:30:00.00000', '08:30:00.00000', 1, 49),
(388, 4, '07:30:00.00000', '08:30:00.00000', 1, 49),
(389, 5, '07:30:00.00000', '08:30:00.00000', 1, 49),
(390, 6, '07:30:00.00000', '08:30:00.00000', 1, 49),
(391, 7, '07:30:00.00000', '08:30:00.00000', 1, 49),
(392, 8, '07:30:00.00000', '08:30:00.00000', 1, 49),
(393, 1, '15:00:00.00000', '16:00:00.00000', 1, 50),
(394, 2, '15:00:00.00000', '16:00:00.00000', 1, 50),
(395, 3, '15:00:00.00000', '16:00:00.00000', 1, 50),
(396, 4, '15:00:00.00000', '16:00:00.00000', 1, 50),
(397, 5, '15:00:00.00000', '16:00:00.00000', 1, 50),
(398, 6, '15:00:00.00000', '16:00:00.00000', 1, 50),
(399, 7, '15:00:00.00000', '16:00:00.00000', 1, 50),
(400, 8, '15:00:00.00000', '16:00:00.00000', 1, 50),
(401, 1, '08:30:00.00000', '09:20:00.00000', 1, 51),
(402, 2, '08:30:00.00000', '09:20:00.00000', 1, 51),
(403, 3, '08:30:00.00000', '09:20:00.00000', 1, 51),
(404, 4, '08:30:00.00000', '09:20:00.00000', 1, 51),
(405, 5, '08:30:00.00000', '09:20:00.00000', 1, 51),
(406, 6, '08:30:00.00000', '09:20:00.00000', 1, 51),
(407, 7, '08:30:00.00000', '09:20:00.00000', 1, 51),
(408, 8, '08:30:00.00000', '09:20:00.00000', 1, 51),
(409, 1, '08:45:00.00000', '09:45:00.00000', 1, 52),
(410, 2, '08:45:00.00000', '09:45:00.00000', 1, 52),
(411, 3, '08:45:00.00000', '09:45:00.00000', 1, 52),
(412, 4, '08:45:00.00000', '09:45:00.00000', 1, 52),
(413, 5, '08:45:00.00000', '09:45:00.00000', 1, 52),
(414, 6, '08:45:00.00000', '09:45:00.00000', 1, 52),
(415, 7, '08:45:00.00000', '09:45:00.00000', 1, 52),
(416, 8, '08:45:00.00000', '09:45:00.00000', 1, 52),
(417, 1, '07:00:00.00000', '08:00:00.00000', 1, 53),
(418, 2, '07:00:00.00000', '08:00:00.00000', 1, 53),
(419, 3, '07:00:00.00000', '08:00:00.00000', 1, 53),
(420, 4, '07:00:00.00000', '08:00:00.00000', 1, 53),
(421, 5, '07:00:00.00000', '08:00:00.00000', 1, 53),
(422, 6, '07:00:00.00000', '08:00:00.00000', 1, 53),
(423, 7, '07:00:00.00000', '08:00:00.00000', 1, 53),
(424, 1, '08:00:00.00000', '09:00:00.00000', 1, 54),
(425, 2, '08:00:00.00000', '09:00:00.00000', 1, 54),
(426, 3, '08:00:00.00000', '09:00:00.00000', 1, 54),
(427, 4, '08:00:00.00000', '09:00:00.00000', 1, 54),
(428, 5, '08:00:00.00000', '09:00:00.00000', 1, 54),
(429, 6, '08:00:00.00000', '09:00:00.00000', 1, 54),
(430, 7, '08:00:00.00000', '09:00:00.00000', 1, 54),
(431, 1, '07:00:00.00000', '08:00:00.00000', 1, 55),
(432, 2, '07:00:00.00000', '08:00:00.00000', 1, 55),
(433, 3, '07:00:00.00000', '08:00:00.00000', 1, 55),
(434, 4, '07:00:00.00000', '08:00:00.00000', 1, 55),
(435, 5, '07:00:00.00000', '08:00:00.00000', 1, 55),
(436, 6, '07:00:00.00000', '08:00:00.00000', 1, 55),
(437, 7, '07:00:00.00000', '08:00:00.00000', 1, 55),
(438, 1, '08:00:00.00000', '09:00:00.00000', 1, 56),
(439, 2, '08:00:00.00000', '09:00:00.00000', 1, 56),
(440, 3, '08:00:00.00000', '09:00:00.00000', 1, 56),
(441, 4, '08:00:00.00000', '09:00:00.00000', 1, 56),
(442, 5, '08:00:00.00000', '09:00:00.00000', 1, 56),
(443, 6, '08:00:00.00000', '09:00:00.00000', 1, 56),
(444, 7, '08:00:00.00000', '09:00:00.00000', 1, 56),
(445, 1, '07:00:00.00000', '08:00:00.00000', 1, 57),
(446, 2, '07:00:00.00000', '08:00:00.00000', 1, 57),
(447, 3, '07:00:00.00000', '08:00:00.00000', 1, 57),
(448, 4, '07:00:00.00000', '08:00:00.00000', 1, 57),
(449, 5, '07:00:00.00000', '08:00:00.00000', 1, 57),
(450, 6, '07:00:00.00000', '08:00:00.00000', 1, 57),
(451, 7, '07:00:00.00000', '08:00:00.00000', 1, 57),
(452, 1, '08:00:00.00000', '10:25:00.00000', 1, 58),
(453, 2, '08:00:00.00000', '10:25:00.00000', 1, 58),
(454, 3, '08:00:00.00000', '10:25:00.00000', 1, 58),
(455, 4, '08:00:00.00000', '10:25:00.00000', 1, 58),
(456, 5, '08:00:00.00000', '10:25:00.00000', 1, 58),
(457, 1, '07:00:00.00000', '08:00:00.00000', 1, 59),
(458, 2, '07:00:00.00000', '08:00:00.00000', 1, 59),
(459, 3, '07:00:00.00000', '08:00:00.00000', 1, 59),
(460, 4, '07:00:00.00000', '08:00:00.00000', 1, 59),
(461, 5, '07:00:00.00000', '08:00:00.00000', 1, 59),
(462, 1, '08:00:00.00000', '09:00:00.00000', 1, 60),
(463, 2, '08:00:00.00000', '09:00:00.00000', 1, 60),
(464, 3, '08:00:00.00000', '09:00:00.00000', 1, 60),
(465, 4, '08:00:00.00000', '09:00:00.00000', 1, 60),
(466, 5, '08:00:00.00000', '09:00:00.00000', 1, 60),
(467, 1, '17:00:00.00000', '18:00:00.00000', 1, 61),
(468, 2, '17:00:00.00000', '18:00:00.00000', 1, 61),
(469, 3, '17:00:00.00000', '18:00:00.00000', 1, 61),
(470, 4, '17:00:00.00000', '18:00:00.00000', 1, 61),
(471, 5, '17:00:00.00000', '18:00:00.00000', 1, 61),
(472, 1, '08:00:00.00000', '09:00:00.00000', 1, 62),
(473, 2, '08:00:00.00000', '09:00:00.00000', 1, 62),
(474, 3, '08:00:00.00000', '09:00:00.00000', 1, 62),
(475, 4, '08:00:00.00000', '09:00:00.00000', 1, 62),
(476, 5, '08:00:00.00000', '09:00:00.00000', 1, 62),
(477, 1, '09:00:00.00000', '10:00:00.00000', 1, 63),
(478, 2, '09:00:00.00000', '10:00:00.00000', 1, 63),
(479, 3, '09:00:00.00000', '10:00:00.00000', 1, 63),
(480, 4, '09:00:00.00000', '10:00:00.00000', 1, 63),
(481, 5, '09:00:00.00000', '10:00:00.00000', 1, 63),
(482, 1, '18:00:00.00000', '19:00:00.00000', 1, 64),
(483, 2, '18:00:00.00000', '19:00:00.00000', 1, 64),
(484, 3, '19:00:00.00000', '20:00:00.00000', 1, 64),
(485, 4, '18:00:00.00000', '19:00:00.00000', 1, 64),
(486, 5, '18:00:00.00000', '19:00:00.00000', 1, 64),
(487, 1, '19:00:00.00000', '20:00:00.00000', 1, 65),
(488, 2, '19:00:00.00000', '20:00:00.00000', 1, 65),
(489, 3, '19:00:00.00000', '20:00:00.00000', 1, 65),
(490, 4, '19:00:00.00000', '20:00:00.00000', 1, 65),
(491, 5, '19:00:00.00000', '20:00:00.00000', 1, 65),
(492, 1, '09:00:00.00000', '10:00:00.00000', 1, 66),
(493, 2, '09:00:00.00000', '10:00:00.00000', 1, 66),
(494, 3, '09:00:00.00000', '10:00:00.00000', 1, 66),
(495, 4, '09:00:00.00000', '10:00:00.00000', 1, 66),
(496, 5, '09:00:00.00000', '10:00:00.00000', 1, 66),
(497, 1, '10:00:00.00000', '11:00:00.00000', 1, 67),
(498, 2, '10:00:00.00000', '11:00:00.00000', 1, 67),
(499, 3, '10:25:00.00000', '11:00:00.00000', 1, 67),
(500, 4, '10:00:00.00000', '11:00:00.00000', 1, 67),
(501, 5, '10:00:00.00000', '11:00:00.00000', 1, 67),
(502, 1, '11:00:00.00000', '12:00:00.00000', 1, 68),
(503, 2, '11:00:00.00000', '12:00:00.00000', 1, 68),
(504, 3, '11:00:00.00000', '12:00:00.00000', 1, 68),
(505, 4, '11:00:00.00000', '12:00:00.00000', 1, 68),
(506, 5, '11:00:00.00000', '12:00:00.00000', 1, 68),
(507, 1, '13:00:00.00000', '14:00:00.00000', 1, 69),
(508, 2, '13:00:00.00000', '14:00:00.00000', 1, 69),
(509, 3, '13:00:00.00000', '14:00:00.00000', 1, 69),
(510, 4, '13:00:00.00000', '14:00:00.00000', 1, 69),
(511, 5, '13:00:00.00000', '14:00:00.00000', 1, 69),
(512, 1, '10:00:00.00000', '11:00:00.00000', 1, 70),
(513, 2, '10:00:00.00000', '11:00:00.00000', 1, 70),
(514, 3, '10:00:00.00000', '11:00:00.00000', 1, 70),
(515, 4, '10:00:00.00000', '11:00:00.00000', 1, 70),
(516, 5, '10:00:00.00000', '11:00:00.00000', 1, 70),
(517, 1, '11:00:00.00000', '12:00:00.00000', 1, 71),
(518, 2, '11:00:00.00000', '12:00:00.00000', 1, 71),
(519, 3, '11:00:00.00000', '12:00:00.00000', 1, 71),
(520, 4, '11:00:00.00000', '12:00:00.00000', 1, 71),
(521, 5, '11:00:00.00000', '12:00:00.00000', 1, 71),
(522, 1, '12:00:00.00000', '13:00:00.00000', 1, 72),
(523, 2, '12:00:00.00000', '13:00:00.00000', 1, 72),
(524, 3, '12:00:00.00000', '13:00:00.00000', 1, 72),
(525, 4, '12:00:00.00000', '13:00:00.00000', 1, 72),
(526, 5, '12:00:00.00000', '13:00:00.00000', 1, 72),
(527, 1, '07:00:00.00000', '08:00:00.00000', 0, 73),
(528, 2, '07:00:00.00000', '08:00:00.00000', 0, 73),
(529, 3, '07:00:00.00000', '08:00:00.00000', 0, 73),
(530, 4, '07:00:00.00000', '08:00:00.00000', 0, 73),
(531, 5, '07:00:00.00000', '08:00:00.00000', 0, 73);

-- --------------------------------------------------------

--
-- Structure de la table `meetings_subscription_receipts`
--

DROP TABLE IF EXISTS `meetings_subscription_receipts`;
CREATE TABLE IF NOT EXISTS `meetings_subscription_receipts` (
`id` int(11) NOT NULL,
  `subscription_receipt_id` int(11) NOT NULL,
  `meeting_id` int(11) NOT NULL,
  `name` varchar(50) DEFAULT NULL,
  `active` tinyint(1) DEFAULT '1',
  `waiting` tinyint(1) DEFAULT '0',
  `registred` timestamp NULL DEFAULT NULL
) ENGINE=InnoDB AUTO_INCREMENT=102 DEFAULT CHARSET=latin1;

--
-- Contenu de la table `meetings_subscription_receipts`
--

INSERT INTO `meetings_subscription_receipts` (`id`, `subscription_receipt_id`, `meeting_id`, `name`, `active`, `waiting`, `registred`) VALUES
(35, 3, 417, 'Hélène Lessard', 1, NULL, NULL),
(36, 3, 417, 'Hélène Lessard', 1, NULL, NULL),
(37, 3, 417, 'Hélène Lessard', 1, NULL, NULL),
(38, 3, 417, 'Hélène Lessard', 1, NULL, NULL),
(39, 3, 417, 'Hélène Lessard', 1, NULL, NULL),
(40, 2, 417, 'Hélène Lessard', 1, NULL, NULL),
(41, 2, 417, 'Hélène Lessard', 1, NULL, NULL),
(42, 2, 417, 'Hélène Lessard', 1, NULL, NULL),
(43, 2, 417, 'Hélène Lessard', 1, NULL, NULL),
(45, 2, 417, 'Hélène Lessard', 1, NULL, NULL),
(48, 2, 417, 'Hélène Lessard', 1, 1, NULL),
(50, 5, 452, 'Mario Dufresne', 1, 0, '2016-04-21 17:21:01'),
(51, 5, 472, 'Mario Dufresne', 1, 0, '2016-04-21 17:21:20'),
(52, 5, 492, 'Mario Dufresne', 1, 0, '2016-04-21 17:21:28'),
(53, 5, 512, 'Mario Dufresne', 1, 0, '2016-04-21 17:21:54'),
(55, 6, 453, 'Mario Dufresne', 1, 0, '2016-04-21 17:22:27'),
(57, 5, 517, 'Mario Dufresne', 1, 0, '2016-04-21 17:27:14'),
(58, 6, 473, 'Mario Dufresne', 1, 0, '2016-04-21 17:27:44'),
(60, 8, 455, 'Yvan Paquin', 1, 0, '2016-04-21 17:29:18'),
(61, 9, 452, 'Luce Thibaudeau', 1, 0, '2016-04-21 17:30:59'),
(62, 9, 472, 'Luce Thibaudeau', 1, 0, '2016-04-21 17:31:11'),
(63, 9, 497, 'Luce Thibaudeau', 1, 0, '2016-04-21 17:31:26'),
(64, 9, 512, 'Luce Thibaudeau', 1, 0, '2016-04-21 17:33:08'),
(65, 9, 517, 'Luce Thibaudeau', 1, 0, '2016-04-21 17:33:23'),
(66, 12, 460, 'Claude Bernard', 1, 0, '2016-04-21 18:14:14'),
(67, 12, 476, 'Claude Bernard', 1, 0, '2016-04-21 18:18:01'),
(68, 13, 509, 'Claude Bernard', 1, 0, '2016-04-21 18:19:30'),
(69, 13, 509, 'Fille Bernard', 1, 0, '2016-04-21 18:19:35'),
(70, 13, 509, 'Fille Bernard', 1, 0, '2016-04-21 18:19:38'),
(73, 14, 509, 'Claude Bernard', 1, 0, '2016-04-21 18:25:59'),
(74, 14, 509, 'Claude Bernard', 1, 0, '2016-04-21 18:26:02'),
(75, 14, 509, 'Claude Bernard', 1, 0, '2016-04-21 18:26:06'),
(76, 14, 509, 'Claude Bernard', 1, 0, '2016-04-21 18:26:09'),
(77, 14, 509, 'Claude Bernard', 1, 0, '2016-04-21 18:26:13'),
(82, 16, 470, 'Claude Bernard', 1, 0, '2016-04-21 18:29:14'),
(83, 14, 525, 'Claude Bernard', 1, 0, '2016-04-21 18:29:30'),
(85, 6, 524, 'Mario Dufresne', 1, 0, '2016-04-21 19:17:55'),
(96, 14, 500, 'Claude Bernard', 1, 0, '2016-04-22 01:50:36'),
(97, 14, 480, 'Claude Bernard', 1, 0, '2016-04-22 01:50:45'),
(98, 14, 455, 'Claude Bernard', 1, 0, '2016-04-22 01:50:53'),
(99, 14, 465, 'Claude Bernard', 1, 0, '2016-04-22 01:51:04'),
(100, 13, 475, 'Claude Bernard', 1, 0, '2016-04-22 01:51:17'),
(101, 13, 515, 'Claude Bernard', 1, 0, '2016-04-22 01:51:26');

-- --------------------------------------------------------

--
-- Structure de la table `members`
--

DROP TABLE IF EXISTS `members`;
CREATE TABLE IF NOT EXISTS `members` (
`id` int(11) NOT NULL,
  `firstname` varchar(50) DEFAULT NULL,
  `lastname` varchar(50) DEFAULT NULL,
  `email` varchar(50) DEFAULT NULL,
  `phone` varchar(15) DEFAULT NULL,
  `birthdate` date DEFAULT NULL,
  `gender` tinytext,
  `postal_code` varchar(7) DEFAULT NULL,
  `created` timestamp NULL DEFAULT NULL,
  `nickname` varchar(20) DEFAULT NULL,
  `password` blob,
  `active` tinyint(1) DEFAULT '1',
  `last_activity` timestamp NULL DEFAULT NULL,
  `type_id` int(11) DEFAULT NULL,
  `picture_id` int(11) DEFAULT NULL
) ENGINE=InnoDB AUTO_INCREMENT=8 DEFAULT CHARSET=latin1;

--
-- Contenu de la table `members`
--

INSERT INTO `members` (`id`, `firstname`, `lastname`, `email`, `phone`, `birthdate`, `gender`, `postal_code`, `created`, `nickname`, `password`, `active`, `last_activity`, `type_id`, `picture_id`) VALUES
(1, 'Hélène', 'Lessard', 'heless@hotmail.com', '4182151692', '1980-04-09', '2', 'G5Y3B8', '2016-04-09 12:00:00', 'HeLess', 0x243279243130244c65783531675149576237416f6a32664a703677337574706b7957643430395063743276384f655939644f724c44693763785a4453, 1, '2016-05-05 14:30:09', 3, NULL),
(2, 'Samuel', 'Beaudoin', 'samapoil9@hotmail.com', '4186255260', '1996-05-22', '1', 'G0R1S0', '2016-04-09 12:00:00', 'Samylots', 0x24327924313024472e486f703538587766764743696c6f70474463652e525a784c305135536634704b703039566b37566f6a764b7a37575074526753, 1, '2016-04-09 12:00:00', 2, NULL),
(3, 'Mario', 'Dufresne', 'mdufresne@cegepba.qc.ca', '4181111111', '2011-01-01', '1', 'G5Y 3B8', '2016-04-21 17:00:26', 'mdufresne', 0x243279243130247345467a4c5248416a32366b642e4736397949636d7536387a7962467a6c5967455232326b61333739646f4570324e2f4d6a434879, 1, '2016-04-21 18:42:51', 1, NULL),
(4, 'Yvan', 'Paquin', 'ypaquin@cegepba.qc.ca', '4182222222', '2011-01-01', '1', 'G5Y3B8', '2016-04-21 17:02:05', 'ypaquin', 0x243279243130246f4d44352f57414b2f43435777426d67506261675a2e4b44525032723876624f616f4f6a42565132682f6e676676636c55796d7465, 1, '2016-04-21 17:02:20', 1, NULL),
(5, 'Luce', 'Thibaudeau', 'lthibaudeau@cegepba.qc.ca', '4183333333', '2011-01-01', '2', 'G5Y3B8', '2016-04-21 17:03:21', 'lthibaudeau', 0x243279243130244456464f5430716662586c4858633830596a306d686565534a544c457a55674c567054537956392f705731434b765a34566f705057, 1, '2016-04-21 17:03:30', 1, NULL),
(6, 'Claude', 'Bernard', 'cbernard@cegepba.qc.ca', '4185555555', '2011-01-01', '1', 'G5Y1S0', '2016-04-21 18:09:02', 'cbernard', 0x2432792431302468597538626b5a4a2e38395748716973474e637a38754b3153626258496b495a356d343065687869756e597271684d5147616d4d53, 1, '2016-04-22 02:03:14', 1, NULL),
(7, 'Marthe', 'Goulet', 'mgoulet@cegepba.qc.ca', '4186666666', '2011-01-01', '2', 'G5Y1S0', '2016-04-21 18:44:19', 'mgoulet', 0x24327924313024374d357365456772716972686e4c62494b5735506a7564364469666365785a75426c52717143386172326a697243307352464f4d47, 1, NULL, 1, NULL);

-- --------------------------------------------------------

--
-- Structure de la table `members_meetings`
--

DROP TABLE IF EXISTS `members_meetings`;
CREATE TABLE IF NOT EXISTS `members_meetings` (
`member_id` int(11) NOT NULL,
  `meeting_id` int(11) NOT NULL,
  `active` tinyint(1) DEFAULT '1'
) ENGINE=InnoDB AUTO_INCREMENT=3 DEFAULT CHARSET=latin1;

--
-- Contenu de la table `members_meetings`
--

INSERT INTO `members_meetings` (`member_id`, `meeting_id`, `active`) VALUES
(1, 454, 1),
(1, 456, 1),
(1, 464, 1),
(1, 465, 1),
(1, 475, 1),
(1, 476, 1),
(1, 479, 1),
(1, 481, 1),
(1, 485, 1),
(1, 489, 1),
(1, 491, 1),
(1, 495, 1),
(1, 501, 1),
(1, 504, 1),
(1, 505, 1),
(1, 514, 1),
(1, 515, 1),
(1, 516, 1),
(1, 519, 1),
(1, 521, 1),
(1, 526, 1),
(2, 455, 1),
(2, 459, 1),
(2, 460, 1),
(2, 461, 1),
(2, 466, 1),
(2, 469, 1),
(2, 470, 1),
(2, 471, 1),
(2, 474, 1),
(2, 480, 1),
(2, 484, 1),
(2, 486, 1),
(2, 490, 1),
(2, 494, 1),
(2, 496, 1),
(2, 499, 1),
(2, 500, 1),
(2, 506, 1),
(2, 509, 1),
(2, 510, 1),
(2, 511, 1),
(2, 524, 1),
(2, 525, 1);

-- --------------------------------------------------------

--
-- Structure de la table `members_permissions`
--

DROP TABLE IF EXISTS `members_permissions`;
CREATE TABLE IF NOT EXISTS `members_permissions` (
`permission_id` int(11) NOT NULL,
  `member_id` int(11) NOT NULL,
  `answer` tinyint(1) DEFAULT NULL,
  `active` tinyint(1) DEFAULT '1'
) ENGINE=InnoDB DEFAULT CHARSET=latin1;

-- --------------------------------------------------------

--
-- Structure de la table `members_qaaps`
--

DROP TABLE IF EXISTS `members_qaaps`;
CREATE TABLE IF NOT EXISTS `members_qaaps` (
`qaap_id` int(11) NOT NULL,
  `member_id` int(11) NOT NULL,
  `active` tinyint(1) DEFAULT '1'
) ENGINE=InnoDB DEFAULT CHARSET=latin1;

-- --------------------------------------------------------

--
-- Structure de la table `member_types`
--

DROP TABLE IF EXISTS `member_types`;
CREATE TABLE IF NOT EXISTS `member_types` (
`id` int(11) NOT NULL,
  `title` varchar(50) DEFAULT NULL,
  `active` tinyint(1) DEFAULT '1'
) ENGINE=InnoDB AUTO_INCREMENT=4 DEFAULT CHARSET=latin1;

--
-- Contenu de la table `member_types`
--

INSERT INTO `member_types` (`id`, `title`, `active`) VALUES
(1, 'membre', 1),
(2, 'entraîneur', 1),
(3, 'administrateur', 1);

-- --------------------------------------------------------

--
-- Structure de la table `menuitems`
--

DROP TABLE IF EXISTS `menuitems`;
CREATE TABLE IF NOT EXISTS `menuitems` (
`id` int(11) NOT NULL,
  `title` varchar(50) DEFAULT NULL,
  `sequence` int(3) DEFAULT NULL,
  `page_id` int(11) NOT NULL,
  `active` tinyint(1) DEFAULT '1'
) ENGINE=InnoDB DEFAULT CHARSET=latin1;

-- --------------------------------------------------------

--
-- Structure de la table `news`
--

DROP TABLE IF EXISTS `news`;
CREATE TABLE IF NOT EXISTS `news` (
`id` int(11) NOT NULL,
  `content` longtext,
  `date` timestamp NULL DEFAULT NULL,
  `type_id` int(11) NOT NULL,
  `active` tinyint(1) DEFAULT '1'
) ENGINE=InnoDB DEFAULT CHARSET=latin1;

-- --------------------------------------------------------

--
-- Structure de la table `news_types`
--

DROP TABLE IF EXISTS `news_types`;
CREATE TABLE IF NOT EXISTS `news_types` (
`id` int(11) NOT NULL,
  `title` varchar(30) NOT NULL,
  `active` tinyint(1) DEFAULT '1'
) ENGINE=InnoDB DEFAULT CHARSET=latin1;

-- --------------------------------------------------------

--
-- Structure de la table `pages`
--

DROP TABLE IF EXISTS `pages`;
CREATE TABLE IF NOT EXISTS `pages` (
`id` int(11) NOT NULL,
  `content` longtext,
  `title` varchar(50) DEFAULT NULL,
  `url` varchar(25) DEFAULT NULL,
  `total_views` int(11) DEFAULT NULL,
  `active` tinyint(1) DEFAULT '1'
) ENGINE=InnoDB DEFAULT CHARSET=latin1;

-- --------------------------------------------------------

--
-- Structure de la table `periods`
--

DROP TABLE IF EXISTS `periods`;
CREATE TABLE IF NOT EXISTS `periods` (
`id` int(11) NOT NULL,
  `start` time(5) DEFAULT NULL,
  `end` time(5) DEFAULT NULL,
  `day_id` int(11) NOT NULL,
  `active` tinyint(1) DEFAULT '1',
  `session_id` int(11) NOT NULL,
  `activity_id` int(11) NOT NULL,
  `special` tinyint(1) NOT NULL DEFAULT '0',
  `subscription_places` tinyint(2) DEFAULT NULL
) ENGINE=InnoDB AUTO_INCREMENT=74 DEFAULT CHARSET=latin1;

--
-- Contenu de la table `periods`
--

INSERT INTO `periods` (`id`, `start`, `end`, `day_id`, `active`, `session_id`, `activity_id`, `special`, `subscription_places`) VALUES
(1, '08:00:00.00000', '09:00:00.00000', 1, 1, 1, 1, 0, NULL),
(2, '09:15:00.00000', '10:05:00.00000', 1, 1, 1, 3, 0, NULL),
(3, '11:00:00.00000', '12:00:00.00000', 1, 1, 1, 4, 0, NULL),
(4, '16:30:00.00000', '17:30:00.00000', 1, 1, 1, 1, 0, NULL),
(5, '16:30:00.00000', '17:20:00.00000', 1, 1, 1, 3, 0, NULL),
(6, '17:30:00.00000', '18:20:00.00000', 1, 1, 1, 3, 0, NULL),
(7, '17:40:00.00000', '18:40:00.00000', 1, 1, 1, 1, 0, NULL),
(8, '18:30:00.00000', '20:00:00.00000', 1, 1, 1, 5, 0, NULL),
(9, '06:30:00.00000', '07:20:00.00000', 2, 1, 1, 3, 0, NULL),
(10, '07:50:00.00000', '08:50:00.00000', 2, 1, 1, 9, 0, NULL),
(11, '09:00:00.00000', '10:00:00.00000', 2, 1, 1, 9, 0, NULL),
(12, '17:00:00.00000', '18:00:00.00000', 2, 1, 1, 1, 0, NULL),
(13, '17:00:00.00000', '17:50:00.00000', 2, 1, 1, 3, 0, NULL),
(14, '18:15:00.00000', '19:15:00.00000', 2, 1, 1, 1, 0, NULL),
(15, '19:15:00.00000', '20:15:00.00000', 2, 1, 1, 9, 0, NULL),
(16, '19:30:00.00000', '20:30:00.00000', 2, 1, 1, 1, 0, NULL),
(17, '12:05:00.00000', '12:55:00.00000', 3, 1, 1, 1, 0, NULL),
(18, '16:30:00.00000', '17:30:00.00000', 3, 1, 1, 1, 0, NULL),
(19, '17:00:00.00000', '17:50:00.00000', 3, 1, 1, 3, 0, NULL),
(20, '17:45:00.00000', '18:45:00.00000', 3, 1, 1, 1, 0, NULL),
(21, '18:00:00.00000', '18:50:00.00000', 3, 1, 1, 3, 0, NULL),
(22, '19:00:00.00000', '20:00:00.00000', 3, 1, 1, 1, 0, NULL),
(23, '19:10:00.00000', '20:10:00.00000', 3, 1, 1, 4, 0, NULL),
(24, '08:45:00.00000', '09:45:00.00000', 4, 1, 1, 1, 0, NULL),
(25, '16:15:00.00000', '17:15:00.00000', 4, 1, 1, 9, 0, NULL),
(26, '17:30:00.00000', '18:20:00.00000', 4, 1, 1, 3, 0, NULL),
(27, '17:45:00.00000', '19:15:00.00000', 4, 1, 1, 2, 0, NULL),
(28, '18:40:00.00000', '19:40:00.00000', 4, 1, 1, 1, 0, NULL),
(29, '07:30:00.00000', '08:30:00.00000', 5, 1, 1, 9, 0, NULL),
(30, '13:30:00.00000', '14:30:00.00000', 5, 1, 1, 1, 0, NULL),
(31, '15:00:00.00000', '16:00:00.00000', 5, 1, 1, 4, 0, NULL),
(32, '08:30:00.00000', '09:20:00.00000', 6, 1, 1, 3, 0, NULL),
(33, '08:30:00.00000', '09:30:00.00000', 6, 1, 1, 1, 0, NULL),
(34, '09:40:00.00000', '10:40:00.00000', 6, 1, 1, 9, 0, NULL),
(35, '11:00:00.00000', '12:00:00.00000', 1, 1, 2, 4, 0, NULL),
(36, '16:30:00.00000', '17:30:00.00000', 1, 1, 2, 1, 0, NULL),
(37, '17:15:00.00000', '18:05:00.00000', 1, 1, 2, 3, 0, NULL),
(38, '17:30:00.00000', '18:30:00.00000', 1, 1, 2, 10, 0, NULL),
(39, '17:00:00.00000', '17:50:00.00000', 2, 1, 2, 8, 0, NULL),
(40, '18:00:00.00000', '19:00:00.00000', 2, 1, 2, 1, 0, NULL),
(41, '19:00:00.00000', '20:00:00.00000', 2, 1, 2, 10, 0, NULL),
(42, '16:30:00.00000', '17:30:00.00000', 3, 1, 2, 1, 0, NULL),
(43, '17:30:00.00000', '18:30:00.00000', 3, 1, 2, 1, 0, NULL),
(44, '18:00:00.00000', '18:50:00.00000', 3, 1, 2, 3, 0, NULL),
(45, '18:30:00.00000', '19:30:00.00000', 3, 1, 2, 10, 0, NULL),
(46, '08:45:00.00000', '09:45:00.00000', 4, 1, 2, 1, 0, NULL),
(47, '17:30:00.00000', '18:20:00.00000', 4, 1, 2, 3, 0, NULL),
(48, '18:30:00.00000', '19:30:00.00000', 4, 1, 2, 1, 0, NULL),
(49, '07:30:00.00000', '08:30:00.00000', 5, 1, 2, 9, 0, NULL),
(50, '15:00:00.00000', '16:00:00.00000', 5, 1, 2, 4, 0, NULL),
(51, '08:30:00.00000', '09:20:00.00000', 6, 1, 2, 3, 0, NULL),
(52, '08:45:00.00000', '09:45:00.00000', 6, 1, 2, 1, 0, NULL),
(53, '07:00:00.00000', '08:00:00.00000', 1, 1, 3, 4, 0, NULL),
(54, '08:00:00.00000', '09:00:00.00000', 1, 1, 3, 4, 0, NULL),
(55, '07:00:00.00000', '08:00:00.00000', 3, 1, 3, 4, 0, NULL),
(56, '08:00:00.00000', '09:00:00.00000', 3, 1, 3, 4, 0, NULL),
(57, '07:00:00.00000', '08:00:00.00000', 5, 1, 3, 4, 0, NULL),
(58, '08:00:00.00000', '10:25:00.00000', 3, 1, 4, 1, 0, NULL),
(59, '07:00:00.00000', '08:00:00.00000', 2, 1, 4, 1, 0, NULL),
(60, '08:00:00.00000', '09:00:00.00000', 2, 1, 4, 3, 0, NULL),
(61, '17:00:00.00000', '18:00:00.00000', 2, 1, 4, 9, 0, NULL),
(62, '08:00:00.00000', '09:00:00.00000', 4, 1, 4, 4, 0, NULL),
(63, '09:00:00.00000', '10:00:00.00000', 4, 1, 4, 1, 0, NULL),
(64, '18:00:00.00000', '19:00:00.00000', 4, 1, 4, 9, 0, NULL),
(65, '19:00:00.00000', '20:00:00.00000', 4, 1, 4, 9, 0, NULL),
(66, '09:00:00.00000', '10:00:00.00000', 5, 1, 4, 3, 0, NULL),
(67, '10:00:00.00000', '11:00:00.00000', 5, 1, 4, 1, 0, NULL),
(68, '11:00:00.00000', '12:00:00.00000', 5, 1, 4, 1, 0, NULL),
(69, '13:00:00.00000', '14:00:00.00000', 5, 1, 4, 1, 0, NULL),
(70, '10:00:00.00000', '11:00:00.00000', 6, 1, 4, 3, 0, NULL),
(71, '11:00:00.00000', '12:00:00.00000', 7, 1, 4, 4, 0, NULL),
(72, '12:00:00.00000', '13:00:00.00000', 6, 1, 4, 5, 0, NULL),
(73, '07:00:00.00000', '08:00:00.00000', 1, 0, 4, 4, 0, NULL);

-- --------------------------------------------------------

--
-- Structure de la table `periods_subscription_receipts`
--

DROP TABLE IF EXISTS `periods_subscription_receipts`;
CREATE TABLE IF NOT EXISTS `periods_subscription_receipts` (
`id` int(11) NOT NULL,
  `period_id` int(11) NOT NULL,
  `subscription_receipt_id` int(11) NOT NULL DEFAULT '0',
  `active` tinyint(1) DEFAULT '1'
) ENGINE=InnoDB DEFAULT CHARSET=latin1;

-- --------------------------------------------------------

--
-- Structure de la table `permissions`
--

DROP TABLE IF EXISTS `permissions`;
CREATE TABLE IF NOT EXISTS `permissions` (
`id` int(11) NOT NULL,
  `alias` varchar(25) DEFAULT NULL,
  `description` tinytext,
  `active` tinyint(1) DEFAULT '1'
) ENGINE=InnoDB DEFAULT CHARSET=latin1;

-- --------------------------------------------------------

--
-- Structure de la table `pictures`
--

DROP TABLE IF EXISTS `pictures`;
CREATE TABLE IF NOT EXISTS `pictures` (
`id` int(11) NOT NULL,
  `title` varchar(30) DEFAULT NULL,
  `description` varchar(500) DEFAULT NULL,
  `url` varchar(50) DEFAULT NULL,
  `slider` tinyint(1) DEFAULT NULL,
  `active` tinyint(1) DEFAULT '1'
) ENGINE=InnoDB AUTO_INCREMENT=4 DEFAULT CHARSET=latin1;

--
-- Contenu de la table `pictures`
--

INSERT INTO `pictures` (`id`, `title`, `description`, `url`, `slider`, `active`) VALUES
(1, 'spinning', NULL, 'spinning.jpg', 0, 1),
(2, 'rame', NULL, 'rame.jpg', 0, 1),
(3, 'pila', NULL, 'pila.jpg', 0, 1);

-- --------------------------------------------------------

--
-- Structure de la table `qaaps`
--

DROP TABLE IF EXISTS `qaaps`;
CREATE TABLE IF NOT EXISTS `qaaps` (
`id` int(11) NOT NULL,
  `doc_name` varchar(50) DEFAULT NULL,
  `answer` tinyint(1) DEFAULT NULL,
  `expiration` timestamp NULL DEFAULT NULL,
  `active` tinyint(1) DEFAULT '1'
) ENGINE=InnoDB DEFAULT CHARSET=latin1;

-- --------------------------------------------------------

--
-- Structure de la table `sessions`
--

DROP TABLE IF EXISTS `sessions`;
CREATE TABLE IF NOT EXISTS `sessions` (
`id` int(11) NOT NULL,
  `title` varchar(50) NOT NULL,
  `start_date` date NOT NULL,
  `end_date` date NOT NULL,
  `subscription_places_date` date NOT NULL,
  `active` tinyint(1) DEFAULT '1',
  `total_weeks` tinyint(2) NOT NULL
) ENGINE=InnoDB AUTO_INCREMENT=5 DEFAULT CHARSET=latin1;

--
-- Contenu de la table `sessions`
--

INSERT INTO `sessions` (`id`, `title`, `start_date`, `end_date`, `subscription_places_date`, `active`, `total_weeks`) VALUES
(1, 'Hiver 2016', '2017-02-05', '2017-04-01', '2017-02-05', 1, 8),
(2, 'Printemps 2016', '2017-04-02', '2017-05-27', '2017-04-02', 1, 8),
(3, 'Test', '2016-04-17', '2016-06-04', '2016-04-17', 1, 7),
(4, 'Session de correction pour Partie 3', '2016-04-04', '2016-05-28', '2016-04-04', 1, 5);

-- --------------------------------------------------------

--
-- Structure de la table `sessions_subscription_types`
--

DROP TABLE IF EXISTS `sessions_subscription_types`;
CREATE TABLE IF NOT EXISTS `sessions_subscription_types` (
  `subscription_type_id` int(11) NOT NULL,
  `session_id` int(11) NOT NULL,
  `rate` float DEFAULT NULL,
  `active` tinyint(1) DEFAULT '1'
) ENGINE=InnoDB DEFAULT CHARSET=latin1;

--
-- Contenu de la table `sessions_subscription_types`
--

INSERT INTO `sessions_subscription_types` (`subscription_type_id`, `session_id`, `rate`, `active`) VALUES
(1, 1, 75, 1),
(2, 1, 130, 1),
(3, 1, 175, 1),
(4, 1, 200, 1),
(5, 1, 60, 1),
(6, 1, 100, 1),
(7, 1, 190, 1),
(8, 1, 270, 1),
(9, 1, 13.05, 1),
(1, 2, 120, 1),
(2, 2, 213, 1),
(3, 2, 280, 1),
(4, 2, 322, 1),
(6, 2, 100, 1),
(7, 2, 190, 1),
(8, 2, 270, 1),
(9, 2, 13.05, 1),
(5, 4, 60, 1),
(6, 4, 100, 1),
(7, 4, 190, 1),
(10, 4, 40, 1);

-- --------------------------------------------------------

--
-- Structure de la table `subscription_receipts`
--

DROP TABLE IF EXISTS `subscription_receipts`;
CREATE TABLE IF NOT EXISTS `subscription_receipts` (
`id` int(11) NOT NULL,
  `meetings` float NOT NULL,
  `meetings_left` float NOT NULL DEFAULT '0',
  `price` float NOT NULL,
  `tps` float NOT NULL,
  `tvq` float NOT NULL,
  `purchase_date` timestamp NOT NULL DEFAULT CURRENT_TIMESTAMP ON UPDATE CURRENT_TIMESTAMP,
  `expiration` timestamp NOT NULL DEFAULT '0000-00-00 00:00:00',
  `cancellation_deadline` timestamp NULL DEFAULT NULL,
  `paid_date` timestamp NULL DEFAULT NULL,
  `refund_date` timestamp NULL DEFAULT NULL,
  `refund_value` float DEFAULT NULL,
  `member_id` int(11) NOT NULL,
  `type_id` int(11) NOT NULL,
  `discount_id` int(11) DEFAULT NULL,
  `session_id` int(11) NOT NULL,
  `active` tinyint(1) NOT NULL DEFAULT '1'
) ENGINE=InnoDB AUTO_INCREMENT=19 DEFAULT CHARSET=latin1;

--
-- Contenu de la table `subscription_receipts`
--

INSERT INTO `subscription_receipts` (`id`, `meetings`, `meetings_left`, `price`, `tps`, `tvq`, `purchase_date`, `expiration`, `cancellation_deadline`, `paid_date`, `refund_date`, `refund_value`, `member_id`, `type_id`, `discount_id`, `session_id`, `active`) VALUES
(1, 1, 1, 13.05, 0.65, 1.3, '2016-04-21 04:30:54', '2018-04-10 12:00:00', '2016-05-16 12:00:00', '2016-04-21 04:30:54', NULL, NULL, 1, 9, NULL, 1, 1),
(2, 30, 30, 270, 13.5, 26.93, '2016-04-21 04:30:54', '2018-04-16 12:00:00', '2016-05-21 12:00:00', '2016-04-21 04:30:54', NULL, NULL, 1, 8, NULL, 1, 1),
(3, 5, 5, 60, 3, 5.99, '2016-04-21 04:30:54', '2018-04-16 12:00:00', '2016-05-21 12:00:00', '2016-04-21 04:30:54', '2016-04-20 08:00:00', 68.985, 1, 5, NULL, 1, 0),
(4, 5, 5, 0, 0, 0, '2016-04-20 08:00:00', '2018-04-20 08:00:00', '2016-05-25 08:00:00', '2016-04-20 08:00:00', '2016-04-20 08:00:00', NULL, 2, 5, NULL, 1, 0),
(5, 5, 0, 60, 3, 5.99, '2016-04-04 08:00:00', '2018-04-04 08:00:00', '2016-04-08 08:00:00', '2016-04-05 08:00:00', NULL, NULL, 3, 5, NULL, 4, 1),
(6, 5, 0.5, 60, 3, 5.99, '2016-04-11 08:00:00', '2018-04-11 08:00:00', '2016-04-15 08:00:00', '2016-04-11 08:00:00', NULL, NULL, 3, 5, NULL, 4, 1),
(7, 10, 10, 100, 5, 9.98, '2016-04-15 08:00:00', '2018-04-15 08:00:00', '2016-04-19 08:00:00', '2016-04-21 08:00:00', '2016-04-21 08:00:00', 114.98, 3, 6, NULL, 4, 0),
(8, 5, 4, 60, 3, 5.99, '2016-03-01 10:00:00', '2018-03-01 10:00:00', '2016-03-05 10:00:00', '2016-03-01 10:00:00', NULL, NULL, 4, 5, NULL, 4, 1),
(9, 5, 0, 60, 3, 5.99, '2016-02-01 10:00:00', '2018-02-01 10:00:00', '2016-02-06 10:00:00', '2016-02-02 10:00:00', NULL, NULL, 5, 5, NULL, 4, 1),
(10, 10, 10, 100, 5, 9.98, '2016-04-15 08:00:00', '2018-04-15 08:00:00', '2016-04-19 08:00:00', NULL, NULL, NULL, 5, 6, NULL, 4, 1),
(12, 2, 0, 40, 2, 3.99, '2016-04-21 08:00:00', '2018-04-21 08:00:00', '2016-04-25 08:00:00', NULL, NULL, NULL, 6, 10, NULL, 4, 1),
(13, 5, 0, 60, 3, 5.99, '2016-04-21 08:00:00', '2018-04-21 08:00:00', '2016-04-25 08:00:00', NULL, NULL, NULL, 6, 5, NULL, 4, 1),
(14, 10, 0, 100, 5, 9.98, '2016-04-21 08:00:00', '2018-04-21 08:00:00', '2016-04-25 08:00:00', '2016-04-21 08:00:00', NULL, NULL, 6, 6, NULL, 4, 1),
(16, 2, 0, 40, 2, 3.99, '2016-04-21 08:00:00', '2018-04-21 08:00:00', '2016-04-25 08:00:00', NULL, NULL, NULL, 6, 10, NULL, 4, 1),
(17, 2, 2, 40, 2, 3.99, '2014-04-20 08:00:00', '2016-04-20 08:00:00', '2016-04-25 08:00:00', NULL, NULL, NULL, 6, 10, NULL, 4, 1),
(18, 5, 5, 60, 3, 5.99, '2016-04-21 08:00:00', '2018-04-21 08:00:00', '2016-04-25 08:00:00', NULL, NULL, NULL, 7, 5, NULL, 4, 1);

-- --------------------------------------------------------

--
-- Structure de la table `subscription_types`
--

DROP TABLE IF EXISTS `subscription_types`;
CREATE TABLE IF NOT EXISTS `subscription_types` (
`id` int(11) NOT NULL,
  `registration_deadline` time(5) DEFAULT NULL,
  `cancellation_deadline` time(5) DEFAULT NULL,
  `meetings_allowed` tinyint(2) DEFAULT NULL,
  `active` tinyint(1) DEFAULT '1',
  `limit_registration_advance` int(11) DEFAULT NULL,
  `weekly` tinyint(1) DEFAULT NULL
) ENGINE=InnoDB AUTO_INCREMENT=11 DEFAULT CHARSET=latin1;

--
-- Contenu de la table `subscription_types`
--

INSERT INTO `subscription_types` (`id`, `registration_deadline`, `cancellation_deadline`, `meetings_allowed`, `active`, `limit_registration_advance`, `weekly`) VALUES
(1, '00:15:00.00000', '02:00:00.00000', 1, 1, 2, 1),
(2, '00:15:00.00000', '02:00:00.00000', 2, 1, 2, 1),
(3, '00:15:00.00000', '02:00:00.00000', 3, 1, 2, 1),
(4, '00:15:00.00000', '02:00:00.00000', 4, 1, 2, 1),
(5, '00:15:00.00000', '02:00:00.00000', 5, 1, 2, NULL),
(6, '00:15:00.00000', '02:00:00.00000', 10, 1, 2, NULL),
(7, '00:15:00.00000', '02:00:00.00000', 20, 1, 2, NULL),
(8, '00:15:00.00000', '02:00:00.00000', 30, 1, 2, NULL),
(9, '00:15:00.00000', '02:00:00.00000', 1, 1, 2, NULL),
(10, '00:15:00.00000', '02:00:00.00000', 2, 1, 2, NULL);

-- --------------------------------------------------------

--
-- Structure de la table `taxes`
--

DROP TABLE IF EXISTS `taxes`;
CREATE TABLE IF NOT EXISTS `taxes` (
`id` int(11) NOT NULL,
  `percentage_taxe` float DEFAULT NULL,
  `date` timestamp NULL DEFAULT NULL,
  `taxe_type_id` int(11) NOT NULL,
  `active` tinyint(1) DEFAULT '1'
) ENGINE=InnoDB AUTO_INCREMENT=4 DEFAULT CHARSET=latin1;

--
-- Contenu de la table `taxes`
--

INSERT INTO `taxes` (`id`, `percentage_taxe`, `date`, `taxe_type_id`, `active`) VALUES
(1, 5, '2008-01-01 10:00:00', 1, 1),
(2, 9.975, '2013-01-01 10:00:00', 2, 1),
(3, 25, '2016-01-01 10:00:00', 3, 1);

-- --------------------------------------------------------

--
-- Structure de la table `taxe_types`
--

DROP TABLE IF EXISTS `taxe_types`;
CREATE TABLE IF NOT EXISTS `taxe_types` (
`id` int(11) NOT NULL,
  `title` varchar(20) DEFAULT NULL,
  `active` tinyint(1) DEFAULT '1'
) ENGINE=InnoDB AUTO_INCREMENT=4 DEFAULT CHARSET=latin1;

--
-- Contenu de la table `taxe_types`
--

INSERT INTO `taxe_types` (`id`, `title`, `active`) VALUES
(1, 'TPS', 1),
(2, 'TVQ', 1),
(3, 'FORFAITS MIXTES', 1);

-- --------------------------------------------------------

--
-- Structure de la table `videos`
--

DROP TABLE IF EXISTS `videos`;
CREATE TABLE IF NOT EXISTS `videos` (
`id` int(11) NOT NULL,
  `title` varchar(50) DEFAULT NULL,
  `description` varchar(500) DEFAULT NULL,
  `url` varchar(50) DEFAULT NULL,
  `active` tinyint(1) DEFAULT '1'
) ENGINE=InnoDB DEFAULT CHARSET=latin1;

--
-- Index pour les tables exportées
--

--
-- Index pour la table `activities`
--
ALTER TABLE `activities`
 ADD PRIMARY KEY (`id`);

--
-- Index pour la table `activities_activity_types`
--
ALTER TABLE `activities_activity_types`
 ADD PRIMARY KEY (`activity_type_id`,`activity_id`), ADD KEY `FK_exercises_activity` (`activity_id`);

--
-- Index pour la table `activity_types`
--
ALTER TABLE `activity_types`
 ADD PRIMARY KEY (`id`), ADD KEY `FK_activity_type_picture` (`picture_id`);

--
-- Index pour la table `coache_presentations`
--
ALTER TABLE `coache_presentations`
 ADD PRIMARY KEY (`id`);

--
-- Index pour la table `companies`
--
ALTER TABLE `companies`
 ADD PRIMARY KEY (`id`);

--
-- Index pour la table `credits`
--
ALTER TABLE `credits`
 ADD PRIMARY KEY (`id`), ADD KEY `FK_credits_receipt` (`subscription_receipt_id`);

--
-- Index pour la table `days`
--
ALTER TABLE `days`
 ADD PRIMARY KEY (`id`);

--
-- Index pour la table `discounts`
--
ALTER TABLE `discounts`
 ADD PRIMARY KEY (`id`), ADD KEY `FK_discount_member` (`member_id`), ADD KEY `FK_discount_company` (`company_id`);

--
-- Index pour la table `discounts_subscription_types`
--
ALTER TABLE `discounts_subscription_types`
 ADD PRIMARY KEY (`discount_id`,`subscription_type_id`), ADD KEY `FK_discounts_subscription_type` (`subscription_type_id`);

--
-- Index pour la table `meetings`
--
ALTER TABLE `meetings`
 ADD PRIMARY KEY (`id`), ADD KEY `FK_meeting_period` (`period_id`);

--
-- Index pour la table `meetings_subscription_receipts`
--
ALTER TABLE `meetings_subscription_receipts`
 ADD PRIMARY KEY (`id`,`meeting_id`,`subscription_receipt_id`), ADD KEY `FK_registrations_meeting` (`meeting_id`), ADD KEY `FK_registrations_subscription_receipt` (`subscription_receipt_id`);

--
-- Index pour la table `members`
--
ALTER TABLE `members`
 ADD PRIMARY KEY (`id`), ADD KEY `FK_member_type` (`type_id`), ADD KEY `FK_member_picture` (`picture_id`);

--
-- Index pour la table `members_meetings`
--
ALTER TABLE `members_meetings`
 ADD PRIMARY KEY (`member_id`,`meeting_id`), ADD KEY `FK_supervisors_neeting` (`meeting_id`);

--
-- Index pour la table `members_permissions`
--
ALTER TABLE `members_permissions`
 ADD PRIMARY KEY (`permission_id`,`member_id`), ADD KEY `FK_authorisations_member` (`member_id`);

--
-- Index pour la table `members_qaaps`
--
ALTER TABLE `members_qaaps`
 ADD PRIMARY KEY (`qaap_id`,`member_id`), ADD KEY `FK_qaap_answers_member` (`member_id`);

--
-- Index pour la table `member_types`
--
ALTER TABLE `member_types`
 ADD PRIMARY KEY (`id`);

--
-- Index pour la table `menuitems`
--
ALTER TABLE `menuitems`
 ADD PRIMARY KEY (`id`), ADD KEY `FK_menu_page` (`page_id`);

--
-- Index pour la table `news`
--
ALTER TABLE `news`
 ADD PRIMARY KEY (`id`), ADD KEY `FK_news_type` (`type_id`);

--
-- Index pour la table `news_types`
--
ALTER TABLE `news_types`
 ADD PRIMARY KEY (`id`);

--
-- Index pour la table `pages`
--
ALTER TABLE `pages`
 ADD PRIMARY KEY (`id`);

--
-- Index pour la table `periods`
--
ALTER TABLE `periods`
 ADD PRIMARY KEY (`id`), ADD KEY `FK_period_session` (`session_id`), ADD KEY `FK_period_activity` (`activity_id`), ADD KEY `FK_period_day` (`day_id`);

--
-- Index pour la table `periods_subscription_receipts`
--
ALTER TABLE `periods_subscription_receipts`
 ADD PRIMARY KEY (`id`,`period_id`,`subscription_receipt_id`), ADD KEY `FK_subscriptions_period` (`period_id`), ADD KEY `FK_subscriptions_receipt` (`subscription_receipt_id`);

--
-- Index pour la table `permissions`
--
ALTER TABLE `permissions`
 ADD PRIMARY KEY (`id`);

--
-- Index pour la table `pictures`
--
ALTER TABLE `pictures`
 ADD PRIMARY KEY (`id`);

--
-- Index pour la table `qaaps`
--
ALTER TABLE `qaaps`
 ADD PRIMARY KEY (`id`);

--
-- Index pour la table `sessions`
--
ALTER TABLE `sessions`
 ADD PRIMARY KEY (`id`);

--
-- Index pour la table `sessions_subscription_types`
--
ALTER TABLE `sessions_subscription_types`
 ADD PRIMARY KEY (`session_id`,`subscription_type_id`), ADD KEY `FK_session_rates_subscription_type` (`subscription_type_id`);

--
-- Index pour la table `subscription_receipts`
--
ALTER TABLE `subscription_receipts`
 ADD PRIMARY KEY (`id`), ADD KEY `FK_receipt_member` (`member_id`), ADD KEY `FK_receipt_type` (`type_id`), ADD KEY `FK_receipt_discount` (`discount_id`), ADD KEY `FK_receipt_session` (`session_id`);

--
-- Index pour la table `subscription_types`
--
ALTER TABLE `subscription_types`
 ADD PRIMARY KEY (`id`);

--
-- Index pour la table `taxes`
--
ALTER TABLE `taxes`
 ADD PRIMARY KEY (`id`), ADD KEY `FK_taxe_type` (`taxe_type_id`);

--
-- Index pour la table `taxe_types`
--
ALTER TABLE `taxe_types`
 ADD PRIMARY KEY (`id`);

--
-- Index pour la table `videos`
--
ALTER TABLE `videos`
 ADD PRIMARY KEY (`id`);

--
-- AUTO_INCREMENT pour les tables exportées
--

--
-- AUTO_INCREMENT pour la table `activities`
--
ALTER TABLE `activities`
MODIFY `id` int(11) NOT NULL AUTO_INCREMENT,AUTO_INCREMENT=11;
--
-- AUTO_INCREMENT pour la table `activities_activity_types`
--
ALTER TABLE `activities_activity_types`
MODIFY `activity_type_id` int(11) NOT NULL AUTO_INCREMENT,AUTO_INCREMENT=6;
--
-- AUTO_INCREMENT pour la table `activity_types`
--
ALTER TABLE `activity_types`
MODIFY `id` int(11) NOT NULL AUTO_INCREMENT,AUTO_INCREMENT=8;
--
-- AUTO_INCREMENT pour la table `coache_presentations`
--
ALTER TABLE `coache_presentations`
MODIFY `id` int(11) NOT NULL AUTO_INCREMENT;
--
-- AUTO_INCREMENT pour la table `companies`
--
ALTER TABLE `companies`
MODIFY `id` int(11) NOT NULL AUTO_INCREMENT;
--
-- AUTO_INCREMENT pour la table `credits`
--
ALTER TABLE `credits`
MODIFY `id` int(11) NOT NULL AUTO_INCREMENT;
--
-- AUTO_INCREMENT pour la table `days`
--
ALTER TABLE `days`
MODIFY `id` int(11) NOT NULL AUTO_INCREMENT,AUTO_INCREMENT=8;
--
-- AUTO_INCREMENT pour la table `discounts`
--
ALTER TABLE `discounts`
MODIFY `id` int(11) NOT NULL AUTO_INCREMENT,AUTO_INCREMENT=2;
--
-- AUTO_INCREMENT pour la table `meetings`
--
ALTER TABLE `meetings`
MODIFY `id` int(11) NOT NULL AUTO_INCREMENT,AUTO_INCREMENT=532;
--
-- AUTO_INCREMENT pour la table `meetings_subscription_receipts`
--
ALTER TABLE `meetings_subscription_receipts`
MODIFY `id` int(11) NOT NULL AUTO_INCREMENT,AUTO_INCREMENT=102;
--
-- AUTO_INCREMENT pour la table `members`
--
ALTER TABLE `members`
MODIFY `id` int(11) NOT NULL AUTO_INCREMENT,AUTO_INCREMENT=8;
--
-- AUTO_INCREMENT pour la table `members_meetings`
--
ALTER TABLE `members_meetings`
MODIFY `member_id` int(11) NOT NULL AUTO_INCREMENT,AUTO_INCREMENT=3;
--
-- AUTO_INCREMENT pour la table `members_permissions`
--
ALTER TABLE `members_permissions`
MODIFY `permission_id` int(11) NOT NULL AUTO_INCREMENT;
--
-- AUTO_INCREMENT pour la table `members_qaaps`
--
ALTER TABLE `members_qaaps`
MODIFY `qaap_id` int(11) NOT NULL AUTO_INCREMENT;
--
-- AUTO_INCREMENT pour la table `member_types`
--
ALTER TABLE `member_types`
MODIFY `id` int(11) NOT NULL AUTO_INCREMENT,AUTO_INCREMENT=4;
--
-- AUTO_INCREMENT pour la table `menuitems`
--
ALTER TABLE `menuitems`
MODIFY `id` int(11) NOT NULL AUTO_INCREMENT;
--
-- AUTO_INCREMENT pour la table `news`
--
ALTER TABLE `news`
MODIFY `id` int(11) NOT NULL AUTO_INCREMENT;
--
-- AUTO_INCREMENT pour la table `news_types`
--
ALTER TABLE `news_types`
MODIFY `id` int(11) NOT NULL AUTO_INCREMENT;
--
-- AUTO_INCREMENT pour la table `pages`
--
ALTER TABLE `pages`
MODIFY `id` int(11) NOT NULL AUTO_INCREMENT;
--
-- AUTO_INCREMENT pour la table `periods`
--
ALTER TABLE `periods`
MODIFY `id` int(11) NOT NULL AUTO_INCREMENT,AUTO_INCREMENT=74;
--
-- AUTO_INCREMENT pour la table `periods_subscription_receipts`
--
ALTER TABLE `periods_subscription_receipts`
MODIFY `id` int(11) NOT NULL AUTO_INCREMENT;
--
-- AUTO_INCREMENT pour la table `permissions`
--
ALTER TABLE `permissions`
MODIFY `id` int(11) NOT NULL AUTO_INCREMENT;
--
-- AUTO_INCREMENT pour la table `pictures`
--
ALTER TABLE `pictures`
MODIFY `id` int(11) NOT NULL AUTO_INCREMENT,AUTO_INCREMENT=4;
--
-- AUTO_INCREMENT pour la table `qaaps`
--
ALTER TABLE `qaaps`
MODIFY `id` int(11) NOT NULL AUTO_INCREMENT;
--
-- AUTO_INCREMENT pour la table `sessions`
--
ALTER TABLE `sessions`
MODIFY `id` int(11) NOT NULL AUTO_INCREMENT,AUTO_INCREMENT=5;
--
-- AUTO_INCREMENT pour la table `subscription_receipts`
--
ALTER TABLE `subscription_receipts`
MODIFY `id` int(11) NOT NULL AUTO_INCREMENT,AUTO_INCREMENT=19;
--
-- AUTO_INCREMENT pour la table `subscription_types`
--
ALTER TABLE `subscription_types`
MODIFY `id` int(11) NOT NULL AUTO_INCREMENT,AUTO_INCREMENT=11;
--
-- AUTO_INCREMENT pour la table `taxes`
--
ALTER TABLE `taxes`
MODIFY `id` int(11) NOT NULL AUTO_INCREMENT,AUTO_INCREMENT=4;
--
-- AUTO_INCREMENT pour la table `taxe_types`
--
ALTER TABLE `taxe_types`
MODIFY `id` int(11) NOT NULL AUTO_INCREMENT,AUTO_INCREMENT=4;
--
-- AUTO_INCREMENT pour la table `videos`
--
ALTER TABLE `videos`
MODIFY `id` int(11) NOT NULL AUTO_INCREMENT;
--
-- Contraintes pour les tables exportées
--

--
-- Contraintes pour la table `activities_activity_types`
--
ALTER TABLE `activities_activity_types`
ADD CONSTRAINT `FK_exercises_activity` FOREIGN KEY (`activity_id`) REFERENCES `activities` (`id`),
ADD CONSTRAINT `FK_exercises_activity_type` FOREIGN KEY (`activity_type_id`) REFERENCES `activity_types` (`id`);

--
-- Contraintes pour la table `activity_types`
--
ALTER TABLE `activity_types`
ADD CONSTRAINT `FK_activity_type_picture` FOREIGN KEY (`picture_id`) REFERENCES `pictures` (`id`);

--
-- Contraintes pour la table `credits`
--
ALTER TABLE `credits`
ADD CONSTRAINT `FK_credits_receipt` FOREIGN KEY (`subscription_receipt_id`) REFERENCES `subscription_receipts` (`id`);

--
-- Contraintes pour la table `discounts`
--
ALTER TABLE `discounts`
ADD CONSTRAINT `FK_discount_company` FOREIGN KEY (`company_id`) REFERENCES `companies` (`id`),
ADD CONSTRAINT `FK_discount_member` FOREIGN KEY (`member_id`) REFERENCES `members` (`id`);

--
-- Contraintes pour la table `discounts_subscription_types`
--
ALTER TABLE `discounts_subscription_types`
ADD CONSTRAINT `FK_discounts_session` FOREIGN KEY (`discount_id`) REFERENCES `discounts` (`id`),
ADD CONSTRAINT `FK_discounts_subscription_type` FOREIGN KEY (`subscription_type_id`) REFERENCES `subscription_types` (`id`);

--
-- Contraintes pour la table `meetings`
--
ALTER TABLE `meetings`
ADD CONSTRAINT `FK_meeting_period` FOREIGN KEY (`period_id`) REFERENCES `periods` (`id`);

--
-- Contraintes pour la table `meetings_subscription_receipts`
--
ALTER TABLE `meetings_subscription_receipts`
ADD CONSTRAINT `FK_registrations_meeting` FOREIGN KEY (`meeting_id`) REFERENCES `meetings` (`id`),
ADD CONSTRAINT `FK_registrations_subscription_receipt` FOREIGN KEY (`subscription_receipt_id`) REFERENCES `subscription_receipts` (`id`);

--
-- Contraintes pour la table `members`
--
ALTER TABLE `members`
ADD CONSTRAINT `FK_member_picture` FOREIGN KEY (`picture_id`) REFERENCES `pictures` (`id`),
ADD CONSTRAINT `FK_member_type` FOREIGN KEY (`type_id`) REFERENCES `member_types` (`id`);

--
-- Contraintes pour la table `members_meetings`
--
ALTER TABLE `members_meetings`
ADD CONSTRAINT `FK_supervisors_member` FOREIGN KEY (`member_id`) REFERENCES `members` (`id`),
ADD CONSTRAINT `FK_supervisors_neeting` FOREIGN KEY (`meeting_id`) REFERENCES `meetings` (`id`);

--
-- Contraintes pour la table `members_permissions`
--
ALTER TABLE `members_permissions`
ADD CONSTRAINT `FK_authorisations_member` FOREIGN KEY (`member_id`) REFERENCES `members` (`id`),
ADD CONSTRAINT `FK_authorisations_permission` FOREIGN KEY (`permission_id`) REFERENCES `permissions` (`id`);

--
-- Contraintes pour la table `members_qaaps`
--
ALTER TABLE `members_qaaps`
ADD CONSTRAINT `FK_qaap_answers_member` FOREIGN KEY (`member_id`) REFERENCES `members` (`id`),
ADD CONSTRAINT `FK_qaap_answers_qaap` FOREIGN KEY (`qaap_id`) REFERENCES `qaaps` (`id`);

--
-- Contraintes pour la table `menuitems`
--
ALTER TABLE `menuitems`
ADD CONSTRAINT `FK_menu_page` FOREIGN KEY (`page_id`) REFERENCES `pages` (`id`);

--
-- Contraintes pour la table `news`
--
ALTER TABLE `news`
ADD CONSTRAINT `FK_news_type` FOREIGN KEY (`type_id`) REFERENCES `news_types` (`id`);

--
-- Contraintes pour la table `periods`
--
ALTER TABLE `periods`
ADD CONSTRAINT `FK_period_activity` FOREIGN KEY (`activity_id`) REFERENCES `activities` (`id`),
ADD CONSTRAINT `FK_period_day` FOREIGN KEY (`day_id`) REFERENCES `days` (`id`),
ADD CONSTRAINT `FK_period_session` FOREIGN KEY (`session_id`) REFERENCES `sessions` (`id`);

--
-- Contraintes pour la table `periods_subscription_receipts`
--
ALTER TABLE `periods_subscription_receipts`
ADD CONSTRAINT `FK_subscriptions_period` FOREIGN KEY (`period_id`) REFERENCES `periods` (`id`),
ADD CONSTRAINT `FK_subscriptions_receipt` FOREIGN KEY (`subscription_receipt_id`) REFERENCES `subscription_receipts` (`id`);

--
-- Contraintes pour la table `sessions_subscription_types`
--
ALTER TABLE `sessions_subscription_types`
ADD CONSTRAINT `FK_session_rates_session` FOREIGN KEY (`session_id`) REFERENCES `sessions` (`id`),
ADD CONSTRAINT `FK_session_rates_subscription_type` FOREIGN KEY (`subscription_type_id`) REFERENCES `subscription_types` (`id`);

--
-- Contraintes pour la table `subscription_receipts`
--
ALTER TABLE `subscription_receipts`
ADD CONSTRAINT `FK_receipt_discount` FOREIGN KEY (`discount_id`) REFERENCES `discounts` (`id`),
ADD CONSTRAINT `FK_receipt_member` FOREIGN KEY (`member_id`) REFERENCES `members` (`id`),
ADD CONSTRAINT `FK_receipt_session` FOREIGN KEY (`session_id`) REFERENCES `sessions` (`id`),
ADD CONSTRAINT `FK_receipt_type` FOREIGN KEY (`type_id`) REFERENCES `subscription_types` (`id`);

--
-- Contraintes pour la table `taxes`
--
ALTER TABLE `taxes`
ADD CONSTRAINT `FK_taxe_type` FOREIGN KEY (`taxe_type_id`) REFERENCES `taxe_types` (`id`);
SET FOREIGN_KEY_CHECKS=1;

/*!40101 SET CHARACTER_SET_CLIENT=@OLD_CHARACTER_SET_CLIENT */;
/*!40101 SET CHARACTER_SET_RESULTS=@OLD_CHARACTER_SET_RESULTS */;
/*!40101 SET COLLATION_CONNECTION=@OLD_COLLATION_CONNECTION */;
